,IDF,Word
0,0.17109449420017114,我
1,0.152136580455557,的
2,0.45083371313801535,了
3,0.34864277224146806,怎么
4,0.36593426935152906,吗
5,1.8758425864385964,提款
6,1.3862943611198906,存款
7,0.7684966178017321,是
8,1.264933504115623,到
9,0.7259370033829363,有
10,1.824549292051046,app
11,0.8129483803725659,什么
12,0.7343052530534528,可以
13,1.0945881383683842,没有
14,1.0707774896746656,为什么
15,1.1567199194753903,不
16,0.8594683960074588,你们
17,1.8758425864385964,体育
18,0.8594683960074588,啊
19,1.308736126774016,给
20,0.9183088960303923,在
21,1.2093636529608125,没
22,3.028522096376982,结算
23,1.9025108335207577,账
24,0.8983082293237227,要
25,1.729239112246721,还
26,1.5816031134406563,钱
27,2.3353749158170367,验证
28,2.146132916178508,下载
29,1.9025108335207577,申请
30,1.7067662563946624,不了
31,2.112231364502827,版
32,1.9025108335207577,投注
33,1.5244446996007077,显示
34,2.4223862928066664,真人
35,1.5244446996007077,必威
36,1.1314021114911006,你好
37,1.3862943611198906,都
38,1.9025108335207577,手机
39,1.5431368326128603,哪里
40,2.0794415416798357,链接
41,1.9025108335207577,存
42,1.9025108335207577,你
43,1.6216084480543556,不到
44,1.6847873496758872,个
45,2.181224235989778,码
46,1.1959406326286717,下
47,1.6632811444549236,用
48,2.5689897669985418,优惠
49,1.7067662563946624,账户
50,1.1959406326286717,呢
51,1.4529857356185627,帮
52,1.3545456628053103,现在
53,1.2093636529608125,一下
54,2.2945529212967815,单
55,1.3545456628053103,想
56,2.217591880160653,转账
57,1.9299098077088723,充值
58,2.146132916178508,多少
59,1.7522286304714196,一直
60,1.4358913022592628,能
61,3.316204168828763,安
62,3.567518597109669,卓
63,2.4689063084415594,老虎机
64,2.0794415416798357,游戏
65,1.5431368326128603,不能
66,1.5244446996007077,如何
67,3.316204168828763,苹果
68,2.217591880160653,网站
69,2.8743714165497236,取消
70,3.115533473366612,支付宝
71,2.4689063084415594,处理
72,2.9484793887034453,邮件
73,1.488077055429833,这个
74,2.3779345302358323,注
75,2.112231364502827,被
76,1.824549292051046,去
77,1.729239112246721,一个
78,2.3779345302358323,邮箱
79,2.4689063084415594,多久
80,1.9580806846755685,有没有
81,1.7757591278816138,就
82,1.7998566794606743,但是
83,2.4223862928066664,客户端
84,3.115533473366612,限额
85,1.6422277352570913,请问
86,3.028522096376982,密码
87,2.016921184698502,上
88,3.028522096376982,网址
89,1.824549292051046,怎样
90,1.7998566794606743,无法
91,3.115533473366612,彩金
92,4.127134385045092,必威卡
93,2.8743714165497236,流水
94,2.0476928433652555,还是
95,2.740840023925201,登
96,2.217591880160653,下注
97,2.9484793887034453,盘
98,2.217591880160653,卡
99,1.9025108335207577,玩
100,3.115533473366612,pt
101,3.903990833730882,微信
102,3.567518597109669,云闪付
103,3.2108436531709366,拒绝
104,2.4689063084415594,进
105,2.6230569882688175,送
106,1.7757591278816138,是不是
107,1.824549292051046,说
108,2.2553322081435003,发
109,3.028522096376982,让
110,2.4689063084415594,银行
111,2.6230569882688175,注册
112,2.8053785450627724,赢
113,2.3779345302358323,入
114,3.028522096376982,限制
115,2.5689897669985418,账号
116,2.8053785450627724,错
117,2.0476928433652555,点
118,2.6230569882688175,收到
119,2.3779345302358323,意思
120,2.3779345302358323,页面
121,2.517696472610991,支付
122,3.721669276936927,返水
123,2.740840023925201,买
124,2.3353749158170367,元
125,2.517696472610991,转
126,2.680215402108766,地址
127,2.740840023925201,中
128,1.7522286304714196,问
129,2.3779345302358323,开
130,2.112231364502827,好
131,2.517696472610991,查
132,3.316204168828763,记录
133,2.3779345302358323,打
134,2.0794415416798357,也
135,3.4339872044851463,ag
136,3.903990833730882,分
137,3.028522096376982,红利
138,2.217591880160653,已经
139,2.2945529212967815,问题
140,2.3779345302358323,把
141,4.4148164574968725,安全
142,2.6230569882688175,登录
143,2.517696472610991,服
144,2.6230569882688175,成功
145,4.820281565605037,屋
146,2.517696472610991,客
147,2.9484793887034453,mg
148,2.112231364502827,怎么办
149,2.217591880160653,会
150,2.6230569882688175,电脑
151,2.217591880160653,这
152,3.115533473366612,余额
153,2.112231364502827,时候
154,2.6230569882688175,提交
155,2.8743714165497236,失败
156,2.2945529212967815,需要
157,2.3779345302358323,看
158,3.316204168828763,扫
159,2.6230569882688175,方式
160,2.4223862928066664,提示
161,2.217591880160653,后
162,2.3779345302358323,刚才
163,2.8053785450627724,银行卡
164,2.517696472610991,找
165,2.0794415416798357,呀
166,2.4223862928066664,刚刚
167,2.4223862928066664,错误
168,2.517696472610991,不是
169,3.567518597109669,百家乐
170,3.567518597109669,在线存款
171,3.721669276936927,京东
172,2.4689063084415594,里
173,2.181224235989778,来
174,2.2945529212967815,金额
175,2.9484793887034453,再
176,3.115533473366612,二维
177,4.4148164574968725,简易
178,2.2553322081435003,操作
179,3.115533473366612,派彩
180,2.8743714165497236,少
181,2.4223862928066664,今天
182,3.567518597109669,待
183,3.115533473366612,资料
184,2.146132916178508,回事
185,2.9484793887034453,返还
186,2.5689897669985418,多
187,2.680215402108766,进去
188,3.115533473366612,比赛
189,2.9484793887034453,网
190,4.4148164574968725,缓存
191,2.9484793887034453,领取
192,2.217591880160653,么
193,2.3779345302358323,和
194,2.3779345302358323,那
195,3.028522096376982,网页
196,3.028522096376982,算
197,3.567518597109669,收
198,2.6230569882688175,换
199,3.115533473366612,更换
200,2.4689063084415594,哪
201,2.3779345302358323,麻烦
202,3.2108436531709366,口
203,3.028522096376982,充
204,3.4339872044851463,首
205,3.4339872044851463,维护
206,3.316204168828763,输
207,4.127134385045092,主账户
208,4.820281565605037,信用卡
209,4.4148164574968725,清除
210,3.2108436531709366,改
211,3.4339872044851463,更新
212,2.5689897669985418,号
213,2.4223862928066664,又
214,2.517696472610991,吧
215,2.4689063084415594,那个
216,2.8053785450627724,第一次
217,2.680215402108766,返
218,2.9484793887034453,小时
219,3.721669276936927,忘记
220,2.8743714165497236,登陆
221,2.3353749158170367,刚
222,3.028522096376982,不对
223,3.115533473366612,奖金
224,4.4148164574968725,妈
225,2.4689063084415594,款
226,2.517696472610991,请
227,2.8743714165497236,提
228,3.4339872044851463,设置
229,2.740840023925201,情况
230,3.028522096376982,盈利
231,2.8053785450627724,扣
232,2.5689897669985418,这么
233,3.115533473366612,重新
234,3.316204168828763,没收
235,3.2108436531709366,首次
236,2.5689897669985418,老
237,2.740840023925201,一般
238,3.115533473366612,其他
239,3.567518597109669,免费旋转
240,4.4148164574968725,不足
241,3.115533473366612,在线
242,3.115533473366612,更改
243,2.680215402108766,信息
244,3.903990833730882,手机号
245,3.567518597109669,重置
246,3.721669276936927,支付宝转账
247,4.127134385045092,用户名
248,2.5689897669985418,才
249,2.740840023925201,久
250,2.680215402108766,未
251,4.4148164574968725,提高
252,2.8053785450627724,使用
253,2.6230569882688175,弄
254,4.820281565605037,梦幻
255,4.820281565605037,对决
256,2.8053785450627724,新
257,2.740840023925201,出
258,3.2108436531709366,活动
259,3.903990833730882,亚洲
260,4.4148164574968725,上限
261,2.740840023925201,才能
262,2.740840023925201,不会
263,3.028522096376982,不行
264,3.028522096376982,等
265,3.028522096376982,过
266,2.8743714165497236,为啥
267,2.740840023925201,您好
268,3.316204168828763,机
269,2.8743714165497236,一
270,3.028522096376982,查询
271,3.903990833730882,局
272,2.9484793887034453,应该
273,2.9484793887034453,昨天
274,4.127134385045092,劫持
275,2.8743714165497236,进行
276,3.2108436531709366,系统
277,4.820281565605037,自我
278,2.8053785450627724,看到
279,3.567518597109669,反水
280,3.567518597109669,规则
281,3.721669276936927,银
282,3.903990833730882,金
283,4.127134385045092,推荐
284,3.4339872044851463,绑定
285,3.028522096376982,那么
286,2.8743714165497236,这里
287,3.028522096376982,快
288,3.115533473366612,黑
289,3.115533473366612,平台
290,3.4339872044851463,浏览器
291,3.316204168828763,出来
292,3.721669276936927,免费
293,4.127134385045092,串
294,3.2108436531709366,达到
295,2.9484793887034453,可是
296,2.9484793887034453,时
297,4.820281565605037,激活
298,4.127134385045092,解除
299,3.028522096376982,不见
300,3.4339872044851463,里面
301,3.903990833730882,gd
302,3.316204168828763,交易
303,3.028522096376982,帐
304,4.4148164574968725,astro
305,3.903990833730882,个人
306,3.316204168828763,电
307,3.316204168828763,帐号
308,3.721669276936927,超过
309,3.4339872044851463,帮忙
310,4.4148164574968725,桌面
311,4.127134385045092,精装
312,2.8743714165497236,很
313,3.2108436531709366,慢
314,2.8743714165497236,太
315,3.316204168828763,派
316,3.115533473366612,笔
317,2.9484793887034453,直接
318,3.316204168828763,啥
319,5.5134287461649825,兑现
320,2.9484793887034453,想要
321,3.2108436531709366,点击
322,3.4339872044851463,快点
323,2.9484793887034453,就是
324,3.4339872044851463,赛事
325,3.903990833730882,轮盘
326,3.721669276936927,结果
327,3.903990833730882,死
328,2.9484793887034453,总是
329,3.4339872044851463,状态
330,3.115533473366612,一笔
331,3.903990833730882,吃
332,3.4339872044851463,最新
333,4.820281565605037,礼
334,4.820281565605037,包
335,5.5134287461649825,vip
336,3.567518597109669,填
337,3.316204168828763,自己
338,3.316204168828763,做
339,3.567518597109669,竞
340,3.4339872044851463,退
341,3.028522096376982,还有
342,3.4339872044851463,延迟
343,3.2108436531709366,次
344,4.4148164574968725,关
345,3.567518597109669,找到
346,4.820281565605037,逼
347,3.316204168828763,办法
348,3.567518597109669,软件
349,4.4148164574968725,ptapp
350,4.820281565605037,特别
351,3.028522096376982,得
352,3.316204168828763,要求
353,3.721669276936927,填写
354,3.567518597109669,之前
355,4.4148164574968725,注销
356,3.4339872044851463,好像
357,3.316204168828763,谢谢
358,3.316204168828763,好久
359,4.127134385045092,球
360,3.2108436531709366,完
361,3.2108436531709366,出现
362,3.2108436531709366,怎么样
363,4.820281565605037,提前
364,3.567518597109669,资金
365,3.721669276936927,跳
366,3.316204168828763,解释
367,4.4148164574968725,安装
368,3.567518597109669,会员
369,3.316204168828763,已
370,3.721669276936927,锁
371,3.316204168828763,掉
372,3.316204168828763,联系
373,4.4148164574968725,次数
374,3.721669276936927,输入
375,3.4339872044851463,东西
376,4.127134385045092,最高
377,4.820281565605037,历史
378,3.567518597109669,具体
379,3.4339872044851463,额度
380,3.4339872044851463,一次
381,3.567518597109669,单子
382,4.127134385045092,结束
383,3.316204168828763,昨晚
384,3.567518597109669,好多
385,3.721669276936927,明明
386,4.127134385045092,自动
387,3.4339872044851463,然后
388,3.721669276936927,着
389,4.127134385045092,宝
390,5.5134287461649825,三项
391,3.316204168828763,可否
392,5.5134287461649825,位置
393,3.903990833730882,这些
394,3.4339872044851463,冲
395,3.903990833730882,本银
396,5.5134287461649825,火
397,5.5134287461649825,狐
398,3.567518597109669,看看
399,4.127134385045092,找回
400,4.820281565605037,查看
401,3.316204168828763,人
402,3.567518597109669,不要
403,3.2108436531709366,前
404,3.721669276936927,垃圾
405,3.316204168828763,但
406,4.127134385045092,彩
407,3.567518597109669,半天
408,3.316204168828763,不成
409,3.316204168828763,功
410,3.316204168828763,只
411,3.721669276936927,钱包
412,3.567518597109669,进入
413,4.820281565605037,鸡巴
414,3.567518597109669,打开
415,3.721669276936927,试
416,3.316204168828763,完成
417,3.4339872044851463,知道
418,4.4148164574968725,几点
419,3.316204168828763,通过
420,4.4148164574968725,异常
421,3.903990833730882,支持
422,3.4339872044851463,您
423,5.5134287461649825,谷歌
424,5.5134287461649825,备用
425,3.316204168828763,朋友
426,3.721669276936927,上去
427,3.567518597109669,尝试
428,3.4339872044851463,分钟
429,4.127134385045092,中心
430,5.5134287461649825,白
431,5.5134287461649825,名单
432,3.567518597109669,反应
433,4.4148164574968725,短信
434,3.903990833730882,足球
435,3.316204168828763,咋
436,3.721669276936927,选项
437,3.4339872044851463,速度
438,3.903990833730882,订单
439,4.127134385045092,一局
440,3.567518597109669,添加
441,3.903990833730882,派发
442,4.127134385045092,谁
443,4.4148164574968725,闲
444,3.721669276936927,懂
445,3.903990833730882,风险
446,3.567518597109669,介绍
447,3.567518597109669,早上
448,3.903990833730882,员
449,5.5134287461649825,一倍
450,3.567518597109669,审核
451,4.4148164574968725,专属
452,4.127134385045092,领
453,5.5134287461649825,救援
454,4.127134385045092,忘
455,3.903990833730882,开户
456,3.903990833730882,代码
457,3.567518597109669,按
458,3.721669276936927,制
459,3.903990833730882,确认
460,4.127134385045092,在手
461,4.127134385045092,最低
462,4.4148164574968725,大
463,4.4148164574968725,牛
464,3.721669276936927,查查
465,4.127134385045092,滚球
466,3.567518597109669,最后
467,3.4339872044851463,该
468,3.721669276936927,只有
469,4.127134385045092,金花
470,3.903990833730882,两次
471,4.127134385045092,赔付
472,5.5134287461649825,负数
473,3.567518597109669,如果
474,4.4148164574968725,日
475,3.4339872044851463,嘛
476,3.903990833730882,删除
477,3.721669276936927,哪些
478,4.127134385045092,商户
479,4.820281565605037,购买
480,4.4148164574968725,1%
481,3.903990833730882,选
482,3.721669276936927,不知
483,3.721669276936927,道
484,3.721669276936927,亲
485,3.721669276936927,解
486,3.567518597109669,跟
487,3.903990833730882,获得
488,4.127134385045092,邮箱验证
489,3.903990833730882,qq
490,3.721669276936927,几个
491,4.4148164574968725,忘记密码
492,3.903990833730882,有限
493,3.721669276936927,步骤
494,3.903990833730882,地方
495,3.721669276936927,额
496,4.820281565605037,最大
497,4.4148164574968725,不朽情缘
498,3.567518597109669,赢得
499,3.721669276936927,时间
500,4.127134385045092,好几
501,3.567518597109669,行
502,3.721669276936927,迟迟
503,3.903990833730882,压
504,3.903990833730882,为何
505,3.721669276936927,变
506,4.4148164574968725,不同
507,4.820281565605037,线
508,4.127134385045092,加载
509,3.903990833730882,计算
510,3.721669276936927,条件
511,4.127134385045092,比分
512,4.4148164574968725,这场
513,3.567518597109669,啦
514,3.721669276936927,搞
515,3.721669276936927,至
516,4.820281565605037,键
517,4.820281565605037,有钱
518,3.721669276936927,流程
519,4.820281565605037,累计
520,4.820281565605037,超出
521,3.721669276936927,最近
522,4.820281565605037,astropay
523,4.820281565605037,20%
524,5.5134287461649825,50%
525,3.721669276936927,通知
526,4.820281565605037,姓名
527,4.127134385045092,喜欢
528,4.820281565605037,户
529,3.721669276936927,他
530,3.721669276936927,之后
531,3.721669276936927,天
532,3.721669276936927,从
533,4.820281565605037,名字
534,4.4148164574968725,写
535,4.4148164574968725,受限
536,4.4148164574968725,修改
537,3.721669276936927,反
538,4.127134385045092,哦
539,3.903990833730882,。。。
540,3.721669276936927,教
541,3.903990833730882,发来
542,4.820281565605037,捕鱼王
543,3.903990833730882,开始
544,3.903990833730882,奖
545,3.721669276936927,晚上
546,3.903990833730882,娱乐场
547,4.127134385045092,一会
548,3.721669276936927,常
549,4.127134385045092,一把
550,3.903990833730882,利
551,4.4148164574968725,打算
552,3.721669276936927,根本
553,3.903990833730882,可
554,4.127134385045092,一半
555,5.5134287461649825,龙
556,3.721669276936927,原因
557,4.127134385045092,块
558,3.721669276936927,是否
559,4.4148164574968725,北京
560,4.127134385045092,很多
561,5.5134287461649825,独
562,5.5134287461649825,屎
563,5.5134287461649825,转入
564,4.127134385045092,主
565,4.4148164574968725,卡号
566,4.127134385045092,界面
567,3.903990833730882,目前
568,4.127134385045092,或者
569,3.721669276936927,哪个
570,3.903990833730882,存在
571,5.5134287461649825,atm
572,4.127134385045092,别的
573,4.4148164574968725,一天
574,4.4148164574968725,首存优惠
575,4.127134385045092,关闭
576,3.903990833730882,简单
577,4.127134385045092,发送
578,4.127134385045092,记得
579,3.903990833730882,突然
580,4.127134385045092,协助
581,3.903990833730882,过来
582,3.903990833730882,根据
583,4.127134385045092,电话
584,4.127134385045092,能否
585,4.4148164574968725,投
586,4.127134385045092,这边
587,4.4148164574968725,只能
588,3.903990833730882,前面
589,4.127134385045092,单一
590,3.903990833730882,走
591,4.820281565605037,投诉
592,4.127134385045092,实际
593,4.127134385045092,解决
594,3.903990833730882,那里
595,3.903990833730882,却
596,4.127134385045092,炸
597,4.820281565605037,鱼
598,4.127134385045092,弹
599,4.4148164574968725,服务
600,3.903990833730882,每次
601,4.127134385045092,选择
602,3.903990833730882,家
603,4.820281565605037,对子
604,4.820281565605037,庄
605,4.4148164574968725,剩下
606,4.127134385045092,叫
607,3.903990833730882,继续
608,4.4148164574968725,三个
609,3.903990833730882,明白
610,4.127134385045092,子
611,4.820281565605037,亚
612,3.903990833730882,二
613,4.4148164574968725,调整
614,4.4148164574968725,封
615,4.820281565605037,赔率
616,4.4148164574968725,全部
617,4.820281565605037,负
618,5.5134287461649825,欧洲
619,3.903990833730882,的话
620,4.127134385045092,些
621,4.127134385045092,干
622,5.5134287461649825,举报
623,4.820281565605037,有人
624,4.820281565605037,不在
625,4.4148164574968725,提到
626,4.127134385045092,用户
627,4.127134385045092,付
628,3.903990833730882,除了
629,3.903990833730882,大概
630,5.5134287461649825,技术
631,4.4148164574968725,收款
632,4.127134385045092,新人
633,4.127134385045092,新会
634,4.820281565605037,官
635,4.127134385045092,版本
636,4.4148164574968725,育
637,5.5134287461649825,人工
638,4.820281565605037,券
639,4.820281565605037,成为
640,4.820281565605037,差
641,5.5134287461649825,电影
642,4.127134385045092,如
643,4.820281565605037,真实
644,5.5134287461649825,改用
645,5.5134287461649825,名
646,4.127134385045092,还要
647,4.127134385045092,提供
648,4.4148164574968725,不可
649,4.4148164574968725,以
650,4.127134385045092,哪儿
651,4.4148164574968725,无效
652,4.127134385045092,端
653,4.127134385045092,几次
654,4.127134385045092,回来
655,4.127134385045092,功能
656,4.127134385045092,以前
657,4.127134385045092,几天
658,4.127134385045092,看不到
659,4.4148164574968725,没法
660,4.4148164574968725,机上
661,5.5134287461649825,手机验证
662,4.820281565605037,尚未
663,5.5134287461649825,失效
664,4.4148164574968725,最
665,4.4148164574968725,一片
666,4.127134385045092,发现
667,4.127134385045092,这样
668,4.127134385045092,退回
669,4.127134385045092,对
670,4.127134385045092,催
671,4.127134385045092,咨询
672,4.4148164574968725,结账
673,4.4148164574968725,张
674,4.4148164574968725,乱
675,4.4148164574968725,本来
676,4.4148164574968725,剩
677,4.127134385045092,事
678,4.820281565605037,射
679,5.5134287461649825,打死
680,4.4148164574968725,这次
681,4.820281565605037,地区
682,4.4148164574968725,稳定
683,4.4148164574968725,真
684,4.4148164574968725,给钱
685,4.4148164574968725,成
686,4.4148164574968725,对不上
687,4.4148164574968725,退款
688,4.127134385045092,小
689,4.4148164574968725,为
690,4.127134385045092,玩儿
691,4.127134385045092,过去
692,4.4148164574968725,半个
693,4.127134385045092,以后
694,4.4148164574968725,服务器
695,4.4148164574968725,乱码
696,4.4148164574968725,正常
697,4.127134385045092,倍
698,4.4148164574968725,全
699,4.4148164574968725,玩法
700,4.820281565605037,篮球
701,4.127134385045092,经常
702,4.4148164574968725,比较
703,4.820281565605037,了解
704,5.5134287461649825,赛车
705,5.5134287461649825,彩票
706,4.820281565605037,快速
707,4.820281565605037,操
708,4.4148164574968725,爱
709,5.5134287461649825,狗
710,4.820281565605037,再见
711,4.127134385045092,财务
712,4.4148164574968725,威
713,4.127134385045092,一点
714,4.4148164574968725,网上
715,4.4148164574968725,到底
716,4.127134385045092,按照
717,4.820281565605037,闪
718,5.5134287461649825,删掉
719,4.127134385045092,在线支付宝
720,4.4148164574968725,一种
721,5.5134287461649825,最快
722,4.127134385045092,值
723,4.4148164574968725,超限
724,4.820281565605037,拒
725,4.820281565605037,淘
726,5.5134287461649825,卖
727,4.127134385045092,告知
728,4.4148164574968725,我们
729,4.820281565605037,充值卡
730,5.5134287461649825,柜
731,5.5134287461649825,一百
732,4.127134385045092,水
733,5.5134287461649825,手续费
734,4.127134385045092,每天
735,5.5134287461649825,后备
736,4.127134385045092,中国
737,5.5134287461649825,合并
738,4.4148164574968725,发给
739,4.820281565605037,真人娱乐场
740,4.820281565605037,机器人
741,4.4148164574968725,福利
742,4.820281565605037,存有
743,4.127134385045092,比例
744,5.5134287461649825,68%
745,5.5134287461649825,天气
746,4.820281565605037,两个
747,4.820281565605037,讯息
748,4.4148164574968725,可不可以
749,4.4148164574968725,号码
750,5.5134287461649825,賬
751,5.5134287461649825,戶
752,4.820281565605037,還
753,4.4148164574968725,影响
754,4.4148164574968725,拿
755,4.820281565605037,多次
756,4.4148164574968725,规定
757,4.820281565605037,与
758,4.820281565605037,移
759,4.820281565605037,除
760,4.4148164574968725,有点
761,4.4148164574968725,更
762,4.820281565605037,看见
763,4.4148164574968725,任何
764,4.4148164574968725,怎
765,4.4148164574968725,垃圾箱
766,4.4148164574968725,重
767,4.4148164574968725,教程
768,4.4148164574968725,有误
769,4.820281565605037,手动
770,4.820281565605037,换手
771,4.4148164574968725,需
772,4.4148164574968725,最少
773,4.4148164574968725,调
774,4.4148164574968725,有些
775,4.820281565605037,空白
776,4.820281565605037,几
777,4.4148164574968725,状况
778,4.820281565605037,撤销
779,5.5134287461649825,撤
780,4.4148164574968725,球赛
781,4.820281565605037,本金
782,4.820281565605037,英格兰
783,4.820281565605037,直
784,4.4148164574968725,赔
785,4.820281565605037,确定
786,4.4148164574968725,增加
787,4.820281565605037,筹码
788,4.820281565605037,不正
789,4.4148164574968725,网络
790,4.820281565605037,赛
791,4.4148164574968725,屏
792,4.820281565605037,骰宝
793,5.5134287461649825,判
794,5.5134287461649825,等到
795,4.820281565605037,上分
796,4.4148164574968725,进账
797,4.4148164574968725,刷新
798,4.820281565605037,莫名其妙
799,4.4148164574968725,而且
800,4.4148164574968725,连接
801,4.4148164574968725,返回
802,4.820281565605037,常规
803,4.4148164574968725,奖励
804,4.820281565605037,蛋
805,4.820281565605037,妹妹很饿
806,4.4148164574968725,不让
807,4.4148164574968725,免费转
808,4.4148164574968725,它
809,4.820281565605037,故障
810,5.5134287461649825,加
811,4.820281565605037,赚
812,5.5134287461649825,-1
813,4.820281565605037,区别
814,5.5134287461649825,5-2
815,4.4148164574968725,半
816,4.4148164574968725,比
817,4.820281565605037,半场
818,4.820281565605037,场
819,4.4148164574968725,完全
820,4.4148164574968725,秒
821,4.820281565605037,im
822,4.4148164574968725,所有
823,4.820281565605037,傻
824,4.4148164574968725,对了
825,4.4148164574968725,早
826,4.4148164574968725,英文
827,5.5134287461649825,时时
828,4.820281565605037,玩意
829,4.4148164574968725,及
830,5.5134287461649825,勾
831,4.4148164574968725,请教
832,5.5134287461649825,全家
833,5.5134287461649825,骗子
834,4.4148164574968725,不过
835,5.5134287461649825,杂种
836,4.4148164574968725,不然
837,5.5134287461649825,感谢
838,5.5134287461649825,ok
839,4.820281565605037,不用
840,4.820281565605037,内
841,4.820281565605037,不够
842,4.4148164574968725,动静
843,4.4148164574968725,进款
844,4.4148164574968725,不好意思
845,4.820281565605037,渠道
846,4.820281565605037,交
847,4.820281565605037,多长
848,4.820281565605037,详情
849,4.4148164574968725,两笔
850,4.820281565605037,存入
851,4.820281565605037,方法
852,4.4148164574968725,注意
853,4.4148164574968725,或
854,5.5134287461649825,收款人
855,4.4148164574968725,起
856,4.820281565605037,a
857,4.820281565605037,不支
858,4.820281565605037,持
859,4.4148164574968725,出钱
860,4.4148164574968725,暂时
861,4.4148164574968725,新版
862,5.5134287461649825,画面
863,4.820281565605037,拦截
864,4.4148164574968725,总
865,4.820281565605037,有别
866,4.820281565605037,主页
867,5.5134287461649825,首页
868,5.5134287461649825,太阳城
869,4.820281565605037,下体
870,4.820281565605037,ios
871,5.5134287461649825,卸载
872,5.5134287461649825,说话
873,4.820281565605037,特邀
874,4.820281565605037,赠送
875,4.820281565605037,参加
876,4.820281565605037,够
877,5.5134287461649825,升级
878,5.5134287461649825,等级
879,4.4148164574968725,满足
880,5.5134287461649825,注册彩金
881,4.820281565605037,洗
882,5.5134287461649825,30%
883,5.5134287461649825,28%
884,5.5134287461649825,做爱
885,4.820281565605037,美女
886,5.5134287461649825,茶
887,4.820281565605037,冻结
888,4.820281565605037,输钱
889,4.820281565605037,生日
890,5.5134287461649825,入口
891,4.820281565605037,相关
892,4.820281565605037,邮
893,4.820281565605037,清楚
894,4.820281565605037,以及
895,4.820281565605037,销
896,5.5134287461649825,恢复
897,5.5134287461649825,开通
898,4.820281565605037,文件
899,4.820281565605037,為
900,4.820281565605037,麼
901,4.820281565605037,沒
902,4.820281565605037,获取
903,4.820281565605037,告诉
904,5.5134287461649825,禁用
905,5.5134287461649825,字
906,4.820281565605037,不小
907,4.820281565605037,心
908,4.820281565605037,行为
909,5.5134287461649825,欲
910,4.820281565605037,由于
911,4.820281565605037,认证
912,4.820281565605037,碼
913,5.5134287461649825,电话号码
914,4.820281565605037,于
915,4.820281565605037,篮球巨星
916,4.820281565605037,回
917,4.820281565605037,瞎
918,4.820281565605037,这种
919,4.820281565605037,事情
920,4.820281565605037,十分钟
921,4.820281565605037,总额
922,4.820281565605037,条
923,4.820281565605037,一回
924,5.5134287461649825,一条
925,5.5134287461649825,捕鱼
926,5.5134287461649825,大鱼
927,4.820281565605037,骗人
928,4.820281565605037,赔钱
929,5.5134287461649825,娱乐城
930,4.820281565605037,几把
931,4.820281565605037,荷官
932,4.820281565605037,双
933,4.820281565605037,理
934,4.820281565605037,前天
935,4.820281565605037,下午
936,4.820281565605037,赶紧
937,4.820281565605037,赛果
938,4.820281565605037,一张
939,5.5134287461649825,明显
940,4.820281565605037,坑
941,4.820281565605037,无
942,4.820281565605037,一千
943,5.5134287461649825,博
944,5.5134287461649825,牌
945,4.820281565605037,开出
946,4.820281565605037,一会儿
947,4.820281565605037,至今
948,4.820281565605037,情
949,4.820281565605037,踢
950,4.820281565605037,旋转
951,4.820281565605037,您们
952,4.820281565605037,并
953,4.820281565605037,正在
954,4.820281565605037,早就
955,4.820281565605037,整
956,4.820281565605037,拉
957,4.820281565605037,只是
958,4.820281565605037,中断
959,5.5134287461649825,低于
960,4.820281565605037,赌注
961,4.820281565605037,万能
962,4.820281565605037,千
963,5.5134287461649825,切
964,4.820281565605037,出去
965,4.820281565605037,平局
966,4.820281565605037,差别
967,5.5134287461649825,1:0
968,4.820281565605037,不一
969,4.820281565605037,样
970,5.5134287461649825,-0
971,4.820281565605037,那场
972,5.5134287461649825,扣除
973,5.5134287461649825,当时
974,4.820281565605037,不算
975,4.820281565605037,两
976,4.820281565605037,单被
977,4.820281565605037,问问
978,4.820281565605037,厉害
979,4.820281565605037,鬼
980,5.5134287461649825,分别
981,5.5134287461649825,欧
982,5.5134287461649825,有时
983,5.5134287461649825,间
984,4.820281565605037,什么样
985,5.5134287461649825,斯诺
986,5.5134287461649825,克
987,4.820281565605037,肏
988,5.5134287461649825,废话
989,5.5134287461649825,滚
990,5.5134287461649825,b
991,4.820281565605037,艹
992,5.5134287461649825,丑
993,5.5134287461649825,畜生
994,4.820281565605037,尼
995,5.5134287461649825,王八
996,5.5134287461649825,废物
997,5.5134287461649825,走狗
998,4.820281565605037,诈骗
999,4.820281565605037,强奸
1000,4.820281565605037,奶
1001,5.5134287461649825,晒
1002,4.820281565605037,必须
1003,4.820281565605037,目标
1004,4.820281565605037,倒闭
1005,4.820281565605037,马上
1006,4.820281565605037,微
1007,4.820281565605037,博彩
1008,5.5134287461649825,帮助
1009,5.5134287461649825,拜拜
1010,4.820281565605037,不好
1011,4.820281565605037,面
1012,4.820281565605037,帐户
1013,4.820281565605037,体
1014,4.820281565605037,客户
1015,4.820281565605037,程序
1016,4.820281565605037,现实
1017,4.820281565605037,亲爱
1018,5.5134287461649825,办理
1019,4.820281565605037,长时间
1020,4.820281565605037,核实
1021,4.820281565605037,复制
1022,4.820281565605037,卷
1023,4.820281565605037,通道
1024,4.820281565605037,款项
1025,4.820281565605037,反复
1026,4.820281565605037,说明
1027,4.820281565605037,现金
1028,4.820281565605037,本地银行转账
1029,4.820281565605037,每日
1030,5.5134287461649825,几种
1031,5.5134287461649825,接受
1032,5.5134287461649825,途径
1033,4.820281565605037,储蓄
1034,4.820281565605037,三笔
1035,4.820281565605037,下单
1036,4.820281565605037,本地银行
1037,4.820281565605037,微信支付
1038,4.820281565605037,一样
1039,4.820281565605037,公司
1040,5.5134287461649825,侧
1041,4.820281565605037,当天
1042,5.5134287461649825,整个
1043,4.820281565605037,先
1044,4.820281565605037,下来
1045,4.820281565605037,体现
1046,4.820281565605037,万
1047,5.5134287461649825,收取
1048,4.820281565605037,真的
1049,4.820281565605037,删
1050,4.820281565605037,域名
1051,5.5134287461649825,范围
1052,5.5134287461649825,登上
1053,4.820281565605037,呗
1054,4.820281565605037,个体
1055,4.820281565605037,本
1056,4.820281565605037,礼金
1057,5.5134287461649825,轻松
1058,4.820281565605037,锁定红利
1059,4.820281565605037,下流
1060,4.820281565605037,特
1061,4.820281565605037,备
1062,5.5134287461649825,球衣
1063,5.5134287461649825,忠实
1064,4.820281565605037,参与
1065,4.820281565605037,即可
1066,4.820281565605037,今日
1067,5.5134287461649825,体验
1068,5.5134287461649825,达成
1069,4.820281565605037,利多
1070,4.820281565605037,上面
1071,5.5134287461649825,有救
1072,5.5134287461649825,援
1073,5.5134287461649825,心意金
1074,4.820281565605037,仅
1075,4.820281565605037,明天
1076,5.5134287461649825,不中
1077,5.5134287461649825,100%
1078,5.5134287461649825,运动
1079,5.5134287461649825,台风
1080,5.5134287461649825,冰
1081,4.820281565605037,约
1082,5.5134287461649825,身材
1083,4.820281565605037,喝酒
1084,4.820281565605037,咖啡
1085,5.5134287461649825,语
1086,5.5134287461649825,说法
1087,5.5134287461649825,民主
1088,5.5134287461649825,事件
1089,5.5134287461649825,建立
1090,5.5134287461649825,永久性
1091,5.5134287461649825,其中
1092,5.5134287461649825,双重
1093,5.5134287461649825,多重
1094,5.5134287461649825,日期
1095,5.5134287461649825,身份证
1096,5.5134287461649825,名称
1097,5.5134287461649825,用电
1098,5.5134287461649825,脑
1099,5.5134287461649825,消
1100,5.5134287461649825,同时
1101,5.5134287461649825,請
1102,5.5134287461649825,協
1103,5.5134287461649825,助
1104,5.5134287461649825,兩
1105,5.5134287461649825,什
1106,5.5134287461649825,永远
1107,5.5134287461649825,一定
1108,5.5134287461649825,改名
1109,5.5134287461649825,更正
1110,5.5134287461649825,锁定
1111,5.5134287461649825,办
1112,5.5134287461649825,受到
1113,5.5134287461649825,人员
1114,5.5134287461649825,禁止
1115,5.5134287461649825,解开
1116,5.5134287461649825,启动
1117,5.5134287461649825,控制
1118,5.5134287461649825,不住
1119,5.5134287461649825,锁上
1120,5.5134287461649825,后缀
1121,5.5134287461649825,眼花
1122,5.5134287461649825,看成
1123,5.5134287461649825,阿
1124,5.5134287461649825,补发
1125,5.5134287461649825,发出
1126,5.5134287461649825,指南
1127,5.5134287461649825,记
1128,5.5134287461649825,換
1129,5.5134287461649825,密
1130,5.5134287461649825,不符
1131,5.5134287461649825,合
1132,5.5134287461649825,旧
1133,5.5134287461649825,停用
1134,5.5134287461649825,寻回
1135,5.5134287461649825,当初
1136,5.5134287461649825,手
1137,5.5134287461649825,機
1138,5.5134287461649825,驗
1139,5.5134287461649825,證
1140,5.5134287461649825,再次
1141,5.5134287461649825,拿到
1142,5.5134287461649825,操作手
1143,5.5134287461649825,底
1144,5.5134287461649825,报表
1145,5.5134287461649825,有否
1146,5.5134287461649825,经典
1147,5.5134287461649825,记不清
1148,5.5134287461649825,楚
1149,5.5134287461649825,反正
1150,5.5134287461649825,mglive
1151,5.5134287461649825,中奖
1152,5.5134287461649825,内容
1153,5.5134287461649825,难道
1154,5.5134287461649825,觉得
1155,5.5134287461649825,中场
1156,5.5134287461649825,休息
1157,5.5134287461649825,兑换
1158,5.5134287461649825,意大利
1159,5.5134287461649825,尽快
1160,5.5134287461649825,结
1161,5.5134287461649825,16
1162,5.5134287461649825,倒
1163,5.5134287461649825,光
1164,5.5134287461649825,过后
1165,5.5134287461649825,打中
1166,5.5134287461649825,无缘无故
1167,5.5134287461649825,深海大赢家
1168,5.5134287461649825,击毙
1169,5.5134287461649825,子弹
1170,5.5134287461649825,金龙
1171,5.5134287461649825,爆炸
1172,5.5134287461649825,炸死
1173,5.5134287461649825,难得
1174,5.5134287461649825,花
1175,5.5134287461649825,那条
1176,5.5134287461649825,；uc
1177,5.5134287461649825,传输
1178,5.5134287461649825,倒数
1179,5.5134287461649825,厂商
1180,5.5134287461649825,发生
1181,5.5134287461649825,上百
1182,5.5134287461649825,乐
1183,5.5134287461649825,上次
1184,5.5134287461649825,赌
1185,5.5134287461649825,神
1186,5.5134287461649825,门票
1187,5.5134287461649825,淘汰
1188,5.5134287461649825,下处
1189,5.5134287461649825,倒扣
1190,5.5134287461649825,原本
1191,5.5134287461649825,任意
1192,5.5134287461649825,责任
1193,5.5134287461649825,b51805130144gd
1194,5.5134287461649825,大为
1195,5.5134287461649825,一秒
1196,5.5134287461649825,视频
1197,5.5134287461649825,mgs
1198,5.5134287461649825,五
1199,5.5134287461649825,三点
1200,5.5134287461649825,二点
1201,5.5134287461649825,故意
1202,5.5134287461649825,r218042800402
1203,5.5134287461649825,庄家
1204,5.5134287461649825,套路
1205,5.5134287461649825,及时
1206,5.5134287461649825,三十分钟
1207,5.5134287461649825,一分
1208,5.5134287461649825,三百
1209,5.5134287461649825,本钱
1210,5.5134287461649825,砸
1211,5.5134287461649825,佩服
1212,5.5134287461649825,洗牌
1213,5.5134287461649825,静坐
1214,5.5134287461649825,发牌
1215,5.5134287461649825,询问
1216,5.5134287461649825,崩
1217,5.5134287461649825,一盘
1218,5.5134287461649825,毛病
1219,5.5134287461649825,拖
1220,5.5134287461649825,见
1221,5.5134287461649825,打着
1222,5.5134287461649825,多块
1223,5.5134287461649825,回头
1224,5.5134287461649825,黑钱
1225,5.5134287461649825,本身
1226,5.5134287461649825,在押
1227,5.5134287461649825,龙虎百家乐
1228,5.5134287461649825,押
1229,5.5134287461649825,端口
1230,5.5134287461649825,扣款
1231,5.5134287461649825,扎
1232,5.5134287461649825,牙
1233,5.5134287461649825,几下
1234,5.5134287461649825,大厅
1235,5.5134287461649825,启用
1236,5.5134287461649825,flash
1237,5.5134287461649825,宝石
1238,5.5134287461649825,迷
1239,5.5134287461649825,扯
1240,5.5134287461649825,内部
1241,5.5134287461649825,不停
1242,5.5134287461649825,黄金
1243,5.5134287461649825,辣椒
1244,5.5134287461649825,三国
1245,5.5134287461649825,争霸
1246,5.5134287461649825,阶段
1247,5.5134287461649825,标准
1248,5.5134287461649825,居然
1249,5.5134287461649825,序
1250,5.5134287461649825,统
1251,5.5134287461649825,漩
1252,5.5134287461649825,动
1253,5.5134287461649825,每
1254,5.5134287461649825,一款
1255,5.5134287461649825,管理员
1256,5.5134287461649825,一两
1257,5.5134287461649825,联接
1258,5.5134287461649825,池
1259,5.5134287461649825,爆
1260,5.5134287461649825,奖金额
1261,5.5134287461649825,十几
1262,5.5134287461649825,确实
1263,5.5134287461649825,三倍猴子
1264,5.5134287461649825,太阳
1265,5.5134287461649825,确
1266,5.5134287461649825,重登
1267,5.5134287461649825,一元
1268,5.5134287461649825,大奖老虎机
1269,5.5134287461649825,五虎将
1270,5.5134287461649825,高速公路之王
1271,5.5134287461649825,火热ktv
1272,5.5134287461649825,几百
1273,5.5134287461649825,几十
1274,5.5134287461649825,爆破
1275,5.5134287461649825,钻石
1276,5.5134287461649825,带
1277,5.5134287461649825,鹰
1278,5.5134287461649825,翼
1279,5.5134287461649825,狼
1280,5.5134287461649825,四百多
1281,5.5134287461649825,块钱
1282,5.5134287461649825,一千五百
1283,5.5134287461649825,阿瓦隆
1284,5.5134287461649825,回复
1285,5.5134287461649825,一打
1286,5.5134287461649825,黄金之旅
1287,5.5134287461649825,住
1288,5.5134287461649825,half
1289,5.5134287461649825,won
1290,5.5134287461649825,附加
1291,5.5134287461649825,25/0
1292,5.5134287461649825,5、0
1293,5.5134287461649825,州
1294,5.5134287461649825,比如说
1295,5.5134287461649825,主队
1296,5.5134287461649825,第一个
1297,5.5134287461649825,世界杯
1298,5.5134287461649825,1：2
1299,5.5134287461649825,+5
1300,5.5134287461649825,上半场
1301,5.5134287461649825,受让
1302,5.5134287461649825,完好
1303,5.5134287461649825,篮球赛
1304,5.5134287461649825,节
1305,5.5134287461649825,同一
1306,5.5134287461649825,网球
1307,5.5134287461649825,红
1308,5.5134287461649825,终止
1309,5.5134287461649825,场地
1310,5.5134287461649825,变动
1311,5.5134287461649825,兑奖
1312,5.5134287461649825,数
1313,5.5134287461649825,系统维护
1314,5.5134287461649825,子明
1315,5.5134287461649825,明
1316,5.5134287461649825,进球
1317,5.5134287461649825,作废
1318,5.5134287461649825,单正
1319,5.5134287461649825,开打
1320,5.5134287461649825,退还
1321,5.5134287461649825,题
1322,5.5134287461649825,允许
1323,5.5134287461649825,二百块
1324,5.5134287461649825,一场
1325,5.5134287461649825,每个
1326,5.5134287461649825,恶心
1327,5.5134287461649825,准备
1328,5.5134287461649825,多余
1329,5.5134287461649825,回去
1330,5.5134287461649825,清
1331,5.5134287461649825,零
1332,5.5134287461649825,寻找
1333,5.5134287461649825,高点
1334,5.5134287461649825,变成
1335,5.5134287461649825,调回
1336,5.5134287461649825,中文
1337,5.5134287461649825,习惯
1338,5.5134287461649825,主要
1339,5.5134287461649825,关于
1340,5.5134287461649825,类型
1341,5.5134287461649825,中途
1342,5.5134287461649825,大小
1343,5.5134287461649825,连
1344,5.5134287461649825,过关
1345,5.5134287461649825,下面
1346,5.5134287461649825,即时
1347,5.5134287461649825,之类
1348,5.5134287461649825,计
1349,5.5134287461649825,项目
1350,5.5134287461649825,开场
1351,5.5134287461649825,市场
1352,5.5134287461649825,1/31-2
1353,5.5134287461649825,翻
1354,5.5134287461649825,队伍
1355,5.5134287461649825,亚军
1356,5.5134287461649825,同
1357,5.5134287461649825,howtochangeinapp
1358,5.5134287461649825,howtochangeinmobileversion
1359,5.5134287461649825,howtochangeondesktop
1360,5.5134287461649825,产
1361,5.5134287461649825,麻痹
1362,5.5134287461649825,狠心
1363,5.5134287461649825,喂
1364,5.5134287461649825,冷静
1365,5.5134287461649825,爹
1366,5.5134287461649825,爹妈
1367,5.5134287461649825,一对
1368,5.5134287461649825,男女
1369,5.5134287461649825,娃娃
1370,5.5134287461649825,百分之百
1371,5.5134287461649825,活
1372,5.5134287461649825,一岁
1373,5.5134287461649825,玛
1374,5.5134287461649825,骚
1375,5.5134287461649825,草泥马
1376,5.5134287461649825,老子
1377,5.5134287461649825,靠
1378,5.5134287461649825,不得
1379,5.5134287461649825,混蛋
1380,5.5134287461649825,级别
1381,5.5134287461649825,滚蛋
1382,5.5134287461649825,效率
1383,5.5134287461649825,一群
1384,5.5134287461649825,毛
1385,5.5134287461649825,群
1386,5.5134287461649825,该死
1387,5.5134287461649825,贼
1388,5.5134287461649825,变态
1389,5.5134287461649825,野种
1390,5.5134287461649825,贱
1391,5.5134287461649825,屁
1392,5.5134287461649825,眼
1393,5.5134287461649825,孽种
1394,5.5134287461649825,诅咒
1395,5.5134287461649825,出身
1396,5.5134287461649825,世世代代
1397,5.5134287461649825,一帮
1398,5.5134287461649825,窝囊废
1399,5.5134287461649825,家教
1400,5.5134287461649825,笨蛋
1401,5.5134287461649825,蠢
1402,5.5134287461649825,他妈的
1403,5.5134287461649825,患有
1404,5.5134287461649825,阴道
1405,5.5134287461649825,瘙痒
1406,5.5134287461649825,肛裂
1407,5.5134287461649825,病
1408,5.5134287461649825,一举
1409,5.5134287461649825,报
1410,5.5134287461649825,报警
1411,5.5134287461649825,崩溃
1412,5.5134287461649825,更好
1413,5.5134287461649825,上报
1414,5.5134287461649825,中央
1415,5.5134287461649825,告
1416,5.5134287461649825,申诉
1417,5.5134287461649825,报复
1418,5.5134287461649825,难解
1419,5.5134287461649825,我心
1420,5.5134287461649825,头
1421,5.5134287461649825,之
1422,5.5134287461649825,恨
1423,5.5134287461649825,论坛
1424,5.5134287461649825,公布
1425,5.5134287461649825,商品
1426,5.5134287461649825,识别
1427,5.5134287461649825,nihao
1428,5.5134287461649825,妹妹
1429,5.5134287461649825,hi
1430,5.5134287461649825,hello
1431,5.5134287461649825,hey
1432,5.5134287461649825,yo
1433,5.5134287461649825,hola
1434,5.5134287461649825,annyung
1435,5.5134287461649825,annyunghahsehyo
1436,5.5134287461649825,privet
1437,5.5134287461649825,konichiwa
1438,5.5134287461649825,bonjour
1439,5.5134287461649825,bonjeur
1440,5.5134287461649825,ciao
1441,5.5134287461649825,salam
1442,5.5134287461649825,salaam
1443,5.5134287461649825,ola
1444,5.5134287461649825,ohayo
1445,5.5134287461649825,konbanwa
1446,5.5134287461649825,marhaba
1447,5.5134287461649825,zma
1448,5.5134287461649825,妹
1449,5.5134287461649825,sb
1450,5.5134287461649825,答非所问
1451,5.5134287461649825,答案
1452,5.5134287461649825,还给
1453,5.5134287461649825,谢
1454,5.5134287461649825,感激
1455,5.5134287461649825,没事
1456,5.5134287461649825,掰
1457,5.5134287461649825,👌
1458,5.5134287461649825,嗯
1459,5.5134287461649825,游玩
1460,5.5134287461649825,实现
1461,5.5134287461649825,转回
1462,5.5134287461649825,放到
1463,5.5134287461649825,往
1464,5.5134287461649825,外
1465,5.5134287461649825,上边
1466,5.5134287461649825,转给
1467,5.5134287461649825,转移
1468,5.5134287461649825,跑
1469,5.5134287461649825,毛钱
1470,5.5134287461649825,充足
1471,5.5134287461649825,无论
1472,5.5134287461649825,二百
1473,5.5134287461649825,二千
1474,5.5134287461649825,足够
1475,5.5134287461649825,足
1476,5.5134287461649825,有余
1477,5.5134287461649825,n/a
1478,5.5134287461649825,。。。。。
1479,5.5134287461649825,邦
1480,5.5134287461649825,管理
1481,5.5134287461649825,睡着
1482,5.5134287461649825,一丝
1483,5.5134287461649825,所以
1484,5.5134287461649825,加急
1485,5.5134287461649825,究竟
1486,5.5134287461649825,le
1487,5.5134287461649825,老板
1488,5.5134287461649825,按钮
1489,5.5134287461649825,项
1490,5.5134287461649825,查找
1491,5.5134287461649825,三
1492,5.5134287461649825,万元
1493,5.5134287461649825,11：30
1494,5.5134287461649825,利用
1495,5.5134287461649825,存款单
1496,5.5134287461649825,cccf1133
1497,5.5134287461649825,请求
1498,5.5134287461649825,baba2015
1499,5.5134287461649825,发起
1500,5.5134287461649825,已有
1501,5.5134287461649825,cny201808076310002
1502,5.5134287461649825,那些
1503,5.5134287461649825,消除
1504,5.5134287461649825,看起来
1505,5.5134287461649825,不爽
1506,5.5134287461649825,碍眼
1507,5.5134287461649825,强迫症
1508,5.5134287461649825,看不惯
1509,5.5134287461649825,挂
1510,5.5134287461649825,接下来
1511,5.5134287461649825,看着
1512,5.5134287461649825,心烦
1513,5.5134287461649825,快捷
1514,5.5134287461649825,咱家
1515,5.5134287461649825,种
1516,5.5134287461649825,已成
1517,5.5134287461649825,几十次
1518,5.5134287461649825,人家
1519,5.5134287461649825,咯
1520,5.5134287461649825,刷
1521,5.5134287461649825,几时
1522,5.5134287461649825,儲
1523,5.5134287461649825,大约
1524,5.5134287461649825,估计
1525,5.5134287461649825,民生银行
1526,5.5134287461649825,方
1527,5.5134287461649825,指定
1528,5.5134287461649825,入账
1529,5.5134287461649825,原
1530,5.5134287461649825,路
1531,5.5134287461649825,退换
1532,5.5134287461649825,日常
1533,5.5134287461649825,度
1534,5.5134287461649825,70030003
1535,5.5134287461649825,可能
1536,5.5134287461649825,五千
1537,5.5134287461649825,不靠
1538,5.5134287461649825,谱
1539,5.5134287461649825,根本无法
1540,5.5134287461649825,没用
1541,5.5134287461649825,破
1542,5.5134287461649825,使
1543,5.5134287461649825,没法儿
1544,5.5134287461649825,现
1545,5.5134287461649825,当日
1546,5.5134287461649825,必
1547,5.5134287461649825,区
1548,5.5134287461649825,代理
1549,5.5134287461649825,一万
1550,5.5134287461649825,错金
1551,5.5134287461649825,两天
1552,5.5134287461649825,对方
1553,5.5134287461649825,所
1554,5.5134287461649825,支行
1555,5.5134287461649825,遇到
1556,5.5134287461649825,重复
1557,5.5134287461649825,了然
1558,5.5134287461649825,涉及
1559,5.5134287461649825,骗
1560,5.5134287461649825,老账
1561,5.5134287461649825,上午
1562,5.5134287461649825,工作人员
1563,5.5134287461649825,凭证
1564,5.5134287461649825,旧账
1565,5.5134287461649825,传
1566,5.5134287461649825,从不
1567,5.5134287461649825,哎
1568,5.5134287461649825,商家
1569,5.5134287461649825,美元
1570,5.5134287461649825,面值
1571,5.5134287461649825,机能
1572,5.5134287461649825,试试
1573,5.5134287461649825,试用
1574,5.5134287461649825,改换
1575,5.5134287461649825,超支
1576,5.5134287461649825,超额
1577,5.5134287461649825,总共
1578,5.5134287461649825,村
1579,5.5134287461649825,开支
1580,5.5134287461649825,退出
1581,5.5134287461649825,因为
1582,5.5134287461649825,邢
1583,5.5134287461649825,黎明
1584,5.5134287461649825,只要
1585,5.5134287461649825,钟
1586,5.5134287461649825,这笔
1587,5.5134287461649825,取
1588,5.5134287461649825,下关
1589,5.5134287461649825,几回
1590,5.5134287461649825,对流
1591,5.5134287461649825,要是
1592,5.5134287461649825,比如
1593,5.5134287461649825,几倍
1594,5.5134287461649825,弹回
1595,5.5134287461649825,手续
1596,5.5134287461649825,事项
1597,5.5134287461649825,取出
1598,5.5134287461649825,机制
1599,5.5134287461649825,哟
1600,5.5134287461649825,到处
1601,5.5134287461649825,催促
1602,5.5134287461649825,w201808291713837
1603,5.5134287461649825,耽误
1604,5.5134287461649825,等待
1605,5.5134287461649825,完善
1606,5.5134287461649825,多张
1607,5.5134287461649825,无需
1608,5.5134287461649825,你家
1609,5.5134287461649825,咱们
1610,5.5134287461649825,对外
1611,5.5134287461649825,宣传
1612,5.5134287461649825,帐面
1613,5.5134287461649825,忽悠
1614,5.5134287461649825,哈
1615,5.5134287461649825,中午
1616,5.5134287461649825,上下
1617,5.5134287461649825,抽取
1618,5.5134287461649825,迟
1619,5.5134287461649825,反而
1620,5.5134287461649825,分行
1621,5.5134287461649825,浦发银行
1622,5.5134287461649825,一个多
1623,5.5134287461649825,高
1624,5.5134287461649825,造作
1625,5.5134287461649825,若
1626,5.5134287461649825,单日
1627,5.5134287461649825,帮手
1628,5.5134287461649825,答
1629,5.5134287461649825,救命
1630,5.5134287461649825,救救
1631,5.5134287461649825,今
1632,5.5134287461649825,第一笔
1633,5.5134287461649825,第二
1634,5.5134287461649825,相关部门
1635,5.5134287461649825,证明
1636,5.5134287461649825,忙
1637,5.5134287461649825,懒得
1638,5.5134287461649825,危险
1639,5.5134287461649825,一步
1640,5.5134287461649825,皇冠
1641,5.5134287461649825,。。
1642,5.5134287461649825,件
1643,5.5134287461649825,一封
1644,5.5134287461649825,第二封
1645,5.5134287461649825,有时候
1646,5.5134287461649825,上网
1647,5.5134287461649825,站上
1648,5.5134287461649825,分流
1649,5.5134287461649825,断线
1650,5.5134287461649825,app、
1651,5.5134287461649825,一下手
1652,5.5134287461649825,官方
1653,5.5134287461649825,止
1654,5.5134287461649825,一发
1655,5.5134287461649825,虚拟
1656,5.5134287461649825,后台
1657,5.5134287461649825,维修
1658,5.5134287461649825,另
1659,5.5134287461649825,入网
1660,5.5134287461649825,址
1661,5.5134287461649825,所在
1662,5.5134287461649825,专业
1663,5.5134287461649825,国外
1664,5.5134287461649825,防止
1665,5.5134287461649825,消息
1666,5.5134287461649825,澳门
1667,5.5134287461649825,金沙
1668,5.5134287461649825,威尼斯人
1669,5.5134287461649825,半开
1670,5.5134287461649825,始
1671,5.5134287461649825,推荐人
1672,5.5134287461649825,stillcannotdownload
1673,5.5134287461649825,几遍
1674,5.5134287461649825,精简
1675,5.5134287461649825,推
1676,5.5134287461649825,发布
1677,5.5134287461649825,懒惰
1678,5.5134287461649825,打牌
1679,5.5134287461649825,玩弄
1680,5.5134287461649825,而已
1681,5.5134287461649825,新安
1682,5.5134287461649825,装
1683,5.5134287461649825,软件包
1684,5.5134287461649825,仍然
1685,5.5134287461649825,卓有
1686,5.5134287461649825,vivo/oppo
1687,5.5134287461649825,荧
1688,5.5134287461649825,幕
1689,5.5134287461649825,转圈
1690,5.5134287461649825,窗口
1691,5.5134287461649825,转接
1692,5.5134287461649825,对话
1693,5.5134287461649825,我会
1694,5.5134287461649825,话
1695,5.5134287461649825,38app
1696,5.5134287461649825,红包
1697,5.5134287461649825,劵
1698,5.5134287461649825,独家
1699,5.5134287461649825,得到
1700,5.5134287461649825,索取
1701,5.5134287461649825,源自
1702,5.5134287461649825,app38
1703,5.5134287461649825,app。
1704,5.5134287461649825,老早
1705,5.5134287461649825,新手
1706,5.5134287461649825,听说
1707,5.5134287461649825,纯
1708,5.5134287461649825,第二次
1709,5.5134287461649825,二次
1710,5.5134287461649825,咱
1711,5.5134287461649825,属于
1712,5.5134287461649825,制度
1713,5.5134287461649825,多难
1714,5.5134287461649825,几百万
1715,5.5134287461649825,西汉
1716,5.5134287461649825,姆
1717,5.5134287461649825,联
1718,5.5134287461649825,邀请
1719,5.5134287461649825,有奖
1720,5.5134287461649825,励
1721,5.5134287461649825,是因为
1722,5.5134287461649825,离
1723,5.5134287461649825,各
1724,5.5134287461649825,月
1725,5.5134287461649825,满额
1726,5.5134287461649825,发短
1727,5.5134287461649825,信
1728,5.5134287461649825,祖
1729,5.5134287461649825,册
1730,5.5134287461649825,百分之
1731,5.5134287461649825,达标
1732,5.5134287461649825,百分之二十
1733,5.5134287461649825,任务
1734,5.5134287461649825,玩玩
1735,5.5134287461649825,每月
1736,5.5134287461649825,亏损
1737,5.5134287461649825,发放
1738,5.5134287461649825,救助
1739,5.5134287461649825,一份
1740,5.5134287461649825,救济金
1741,5.5134287461649825,段时间
1742,5.5134287461649825,有生
1743,5.5134287461649825,首次存款
1744,5.5134287461649825,参见
1745,5.5134287461649825,百分比
1746,5.5134287461649825,有效
1747,5.5134287461649825,算算
1748,5.5134287461649825,复杂
1749,5.5134287461649825,娱乐
1750,5.5134287461649825,5%
1751,5.5134287461649825,倍数
1752,5.5134287461649825,法
1753,5.5134287461649825,像
1754,5.5134287461649825,百分
1755,5.5134287461649825,例如
1756,5.5134287461649825,近
1757,5.5134287461649825,限
1758,5.5134287461649825,当月
1759,5.5134287461649825,以上
1760,5.5134287461649825,豪华
1761,5.5134287461649825,吃饭
1762,5.5134287461649825,干什么
1763,5.5134287461649825,下班
1764,5.5134287461649825,今晚
1765,5.5134287461649825,穿
1766,5.5134287461649825,还好
1767,5.5134287461649825,饱
1768,5.5134287461649825,暴风雨
1769,5.5134287461649825,下雨
1770,5.5134287461649825,雨
1771,5.5134287461649825,停
1772,5.5134287461649825,雪
1773,5.5134287461649825,不怎么
1774,5.5134287461649825,范
1775,5.5134287461649825,迈克尔
1776,5.5134287461649825,杰克逊
1777,5.5134287461649825,处女
1778,5.5134287461649825,几岁
1779,5.5134287461649825,飞机
1780,5.5134287461649825,打炮
1781,5.5134287461649825,打手
1782,5.5134287461649825,枪
1783,5.5134287461649825,炮
1784,5.5134287461649825,男朋友
1785,5.5134287461649825,胸部
1786,5.5134287461649825,咪咪
1787,5.5134287461649825,一夜
1788,5.5134287461649825,不大
1789,5.5134287461649825,听
1790,5.5134287461649825,床
1791,5.5134287461649825,声
1792,5.5134287461649825,上床
1793,5.5134287461649825,屁股
1794,5.5134287461649825,包养
1795,5.5134287461649825,妹子
1796,5.5134287461649825,飞
1797,5.5134287461649825,骚货
1798,5.5134287461649825,姿势
1799,5.5134287461649825,舔
1800,5.5134287461649825,阴部
1801,5.5134287461649825,jj
1802,5.5134287461649825,拥抱
1803,5.5134287461649825,菜谱
1804,5.5134287461649825,水果
1805,5.5134287461649825,酒类
1806,5.5134287461649825,菜单
1807,5.5134287461649825,一杯
1808,5.5134287461649825,红葡萄酒
1809,5.5134287461649825,烤鸭
1810,5.5134287461649825,饭店
1811,5.5134287461649825,酵母
1812,5.5134287461649825,提取物
1813,5.5134287461649825,添加剂
1814,5.5134287461649825,植物
1815,5.5134287461649825,类
1816,5.5134287461649825,花草
1817,5.5134287461649825,用作
1818,5.5134287461649825,袋
1819,5.5134287461649825,泡茶
1820,5.5134287461649825,原料
1821,5.5134287461649825,马
1822,5.5134287461649825,黛
1823,5.5134287461649825,乌拉圭
1824,5.5134287461649825,这家
1825,5.5134287461649825,餐馆
1826,5.5134287461649825,厨师
1827,5.5134287461649825,英语
1828,5.5134287461649825,韩语
1829,5.5134287461649825,日语
1830,5.5134287461649825,泰语
1831,5.5134287461649825,越南
1832,5.5134287461649825,俄语
1833,5.5134287461649825,西文
1834,5.5134287461649825,文
1835,5.5134287461649825,人类
1836,5.5134287461649825,创造
1837,5.5134287461649825,男人
1838,5.5134287461649825,女人
1839,5.5134287461649825,做出
1840,5.5134287461649825,男
1841,5.5134287461649825,女
1842,5.5134287461649825,国籍
1843,5.5134287461649825,种族
1844,5.5134287461649825,父母
1845,5.5134287461649825,爸
1846,5.5134287461649825,妈妈
1847,5.5134287461649825,爸爸
1848,5.5134287461649825,唱歌
1849,5.5134287461649825,跳舞
1850,5.5134287461649825,开心
1851,5.5134287461649825,做饭
1852,5.5134287461649825,饭
1853,5.5134287461649825,借
1854,5.5134287461649825,共产党
1855,5.5134287461649825,好不好
1856,5.5134287461649825,香港
1857,5.5134287461649825,殖民地
1858,5.5134287461649825,特朗普
1859,5.5134287461649825,支持者
1860,5.5134287461649825,甚
1861,5.5134287461649825,新加坡
1862,5.5134287461649825,中共
1863,5.5134287461649825,國
1864,5.5134287461649825,台湾
1865,5.5134287461649825,谈论
1866,5.5134287461649825,政治
1867,5.5134287461649825,六
1868,5.5134287461649825,四
1869,5.5134287461649825,西藏
1870,5.5134287461649825,暴动
1871,5.5134287461649825,达赖喇嘛
1872,5.5134287461649825,流亡
1873,5.5134287461649825,伊斯兰教
1874,5.5134287461649825,基督教
1875,5.5134287461649825,金正
1876,5.5134287461649825,恩
1877,5.5134287461649825,无核
1878,5.5134287461649825,化
1879,5.5134287461649825,将
1880,5.5134287461649825,大选
1881,5.5134287461649825,照片
1882,5.5134287461649825,菲律宾
1883,5.5134287461649825,交朋友
1884,5.5134287461649825,周末
1885,5.5134287461649825,愿意
1886,5.5134287461649825,女朋友
1887,5.5134287461649825,嫁
1888,5.5134287461649825,约会
