INDEX,0
我,0.15180601286800413
的,0.15180601286800413
了,0.4286184130828813
怎么,0.2462968562889266
吗,0.30663998619639504
是,0.6055491212419595
存款,1.4745869682655688
可以,0.6250937173149297
什么,0.651761964397091
有,0.7661723155748351
提款,2.1226137135450447
到,1.3051688163075221
没有,0.9950138880036827
为什么,0.9484938723687899
你们,0.8367898827887886
不,1.0742632596578232
在,0.8047871517026148
申请,1.4593194961347804
啊,0.8614824953791601
没,1.1271856611121658
体育,1.8877741224676436
结算,2.7586024802650413
还,1.4442816187702399
同乐,2.390877700139724
app,2.653241964607215
钱,1.5381003739878947
要,0.9576263559320624
账,2.01138807843482
给,1.5381003739878947
不了,1.678682324609084
优惠,1.9600947840472698
呢,0.9215864194488654
存,1.7571539400505796
显示,1.5381003739878947
转账,1.8877741224676436
投注,1.9854125920315595
彩金,2.1524666766947256
哪里,1.4593194961347804
都,1.400478996111847
下载,3.4517496608249867
卡,2.281678408174732
下,1.230133630364608
账户,1.7571539400505796
多少,1.6977305195797787
流水,2.0380563255169815
游戏,1.8647846042429448
帮,1.2922654114716143
老虎机,2.513480022232056
返水,3.2510789653628356
你好,1.242254990896953
如何,1.4593194961347804
真人,2.6044518004377832
你,1.8647846042429448
ag,2.7045352589947655
支付宝,2.8763855159214247
码,2.4300984132930052
用,1.6236225474260568
现在,1.3585147970128149
一下,1.318240897874875
想,1.400478996111847
这个,1.3723081191451507
手机,2.1226137135450447
取消,2.6044518004377832
盘,2.7586024802650413
娱乐场,2.653241964607215
玩,1.6977305195797787
币,2.7045352589947655
不能,1.4148677335639466
不到,1.7369512327330598
能,1.5546296759391054
单,2.281678408174732
网站,2.0936261766717923
充值,1.9854125920315595
被,2.1226137135450447
无法,1.6977305195797787
请问,1.4442816187702399
处理,2.1524666766947256
下注,2.0936261766717923
同乐城,1.8647846042429448
一直,1.8647846042429448
版,2.7586024802650413
号,2.0380563255169815
个,1.9854125920315595
账号,1.9600947840472698
注,2.513480022232056
就,1.9854125920315595
再,2.316769727986002
去,1.9113046198778376
多久,2.390877700139724
但是,1.8423117483908862
验证,2.8763855159214247
怎样,1.8423117483908862
有没有,2.0936261766717923
登,2.653241964607215
链接,3.0840248806996695
首,2.8763855159214247
注册,2.6044518004377832
限额,3.164067588373206
限制,3.0099169085459474
上,2.065455299705096
邮箱,2.8763855159214247
pt,2.8763855159214247
一个,1.9600947840472698
送,2.7045352589947655
充,2.6044518004377832
钓鱼,4.2626798770413155
密码,3.3463891451671604
买,2.353137372156877
中,2.390877700139724
问题,2.1226137135450447
客户端,3.2510789653628356
元,2.1832383353614797
错,2.653241964607215
安,4.039536325727106
时候,1.9113046198778376
是不是,1.8647846042429448
拒绝,3.2510789653628356
赢,2.81576089410499
卓,4.2626798770413155
意思,2.21498703367606
微信,3.8572147689331513
查,2.281678408174732
进,2.653241964607215
网址,3.3463891451671604
店,3.0840248806996695
还是,2.1524666766947256
页面,2.1832383353614797
银联支付,3.703064089105893
需要,1.9600947840472698
服,2.1524666766947256
维护,3.164067588373206
客,2.1832383353614797
银行,2.940924037058996
点,2.0380563255169815
发,2.940924037058996
百家乐,3.164067588373206
入,2.653241964607215
记录,2.8763855159214247
更新,3.0099169085459474
问,1.7988266364511476
余额,2.81576089410499
看,2.0380563255169815
这,2.0936261766717923
锁,2.7045352589947655
支付,2.7045352589947655
把,2.316769727986002
刚刚,2.247776856499051
打,2.0936261766717923
转,2.653241964607215
扫,3.3463891451671604
派彩,3.164067588373206
成功,2.513480022232056
彩票,3.0840248806996695
免费旋转,3.56953269648137
查询,2.065455299705096
说,2.065455299705096
让,3.0840248806996695
收到,2.7586024802650413
好,2.281678408174732
会,2.065455299705096
和,2.1226137135450447
失败,2.81576089410499
方式,2.81576089410499
来,2.065455299705096
今天,2.4300984132930052
也,2.281678408174732
少,2.81576089410499
刚才,2.4300984132930052
红利,2.940924037058996
在线,3.0099169085459474
已经,2.1226137135450447
里,2.390877700139724
vip,3.703064089105893
邮件,3.703064089105893
领取,2.940924037058996
捕鱼,3.703064089105893
怎么办,2.21498703367606
登录,2.7586024802650413
电,3.0840248806996695
开,2.4300984132930052
输,2.81576089410499
分,3.703064089105893
提交,2.7045352589947655
找,2.55793178480289
回事,2.0936261766717923
电脑,2.7045352589947655
多,2.4300984132930052
提示,2.55793178480289
那,2.390877700139724
金额,2.4300984132930052
进去,2.653241964607215
京东,3.703064089105893
救援金,4.955827057601261
操作,2.316769727986002
竞,3.3463891451671604
不是,2.353137372156877
口,2.8763855159214247
错误,2.653241964607215
gd,3.56953269648137
提现,2.8763855159214247
解,2.7586024802650413
在线存款,3.703064089105893
系统,2.6044518004377832
未,2.390877700139724
苹果,4.2626798770413155
么,2.390877700139724
改,3.2510789653628356
麻烦,2.316769727986002
这么,2.4709204078132605
平台,2.55793178480289
东西,3.0099169085459474
呀,2.247776856499051
100%,3.8572147689331513
后,2.4709204078132605
二维,3.703064089105893
待,3.56953269648137
那个,2.4300984132930052
换,2.55793178480289
更换,3.3463891451671604
银行卡,3.2510789653628356
比赛,3.0840248806996695
不对,3.0099169085459474
地址,3.703064089105893
缓存,4.550361949493096
请,2.4300984132930052
兑换,2.8763855159214247
次,2.513480022232056
网页,3.0840248806996695
返,2.653241964607215
又,2.513480022232056
资料,3.703064089105893
扣,2.81576089410499
计算,2.653241964607215
使用,2.81576089410499
更改,3.2510789653628356
才,2.316769727986002
哪,2.7045352589947655
过,2.513480022232056
算,3.0099169085459474
劫持,4.2626798770413155
完成,2.7045352589947655
进行,2.353137372156877
快乐彩,4.039536325727106
吧,2.55793178480289
设置,3.703064089105893
妈,3.8572147689331513
情况,2.55793178480289
信用卡,4.955827057601261
您好,2.4709204078132605
久,2.55793178480289
局,4.039536325727106
清除,4.550361949493096
代理,4.955827057601261
忘记,3.8572147689331513
主账户,4.039536325727106
等,3.0099169085459474
会员,3.56953269648137
里面,2.940924037058996
订单,3.3463891451671604
刚,2.4300984132930052
重置,3.4517496608249867
登陆,2.8763855159214247
老,2.6044518004377832
很,2.6044518004377832
小时,3.0840248806996695
网,3.164067588373206
提高,4.2626798770413155
看到,2.513480022232056
获得,2.7045352589947655
不足,4.2626798770413155
返还,3.3463891451671604
用户名,4.2626798770413155
这里,2.7045352589947655
新,2.8763855159214247
不见,3.0840248806996695
激活,4.2626798770413155
出,2.940924037058996
奖金,3.3463891451671604
盈利,3.164067588373206
收,3.8572147689331513
应该,3.0840248806996695
上限,4.039536325727106
超过,3.2510789653628356
状态,3.0840248806996695
一般,3.0099169085459474
推荐,3.8572147689331513
存钱,3.703064089105893
自我,4.955827057601261
一,2.940924037058996
简易,5.648974238161206
购物,3.8572147689331513
提,3.0840248806996695
结果,3.3463891451671604
活跃,5.648974238161206
活动,3.164067588373206
规则,3.56953269648137
兑现,5.648974238161206
手机号,4.039536325727106
免费,3.703064089105893
商品,3.164067588373206
额度,2.940924037058996
第一次,3.0099169085459474
要求,3.0099169085459474
时间,3.164067588373206
才能,2.8763855159214247
弄,2.7045352589947655
机,3.4517496608249867
办法,2.940924037058996
梦幻,4.955827057601261
对决,4.955827057601261
快,2.8763855159214247
开元,4.2626798770413155
达到,3.0840248806996695
吃,3.56953269648137
不会,2.8763855159214247
还有,2.653241964607215
特别,4.2626798770413155
等级,4.2626798770413155
捕鱼王,4.039536325727106
派,3.4517496608249867
派发,3.703064089105893
家,2.8763855159214247
搞,2.81576089410499
其他,3.164067588373206
教,2.8763855159214247
信息,2.81576089410499
完,3.0840248806996695
mg,3.2510789653628356
几点,4.2626798770413155
为啥,2.940924037058996
最高,3.3463891451671604
银联,4.550361949493096
交易,3.3463891451671604
掉,3.3463891451671604
快点,3.164067588373206
反水,3.56953269648137
姓名,4.955827057601261
钓,5.648974238161206
重新,3.3463891451671604
直接,2.940924037058996
帮忙,3.4517496608249867
谢谢,3.164067588373206
联系,2.940924037058996
不行,3.2510789653628356
帐,3.0099169085459474
款,2.8763855159214247
时,3.0099169085459474
月,3.8572147689331513
亚洲,4.039536325727106
银,3.8572147689331513
astro,4.550361949493096
看看,2.940924037058996
购买,3.56953269648137
太,3.0099169085459474
取款,3.0840248806996695
想要,3.0099169085459474
赛事,3.164067588373206
出现,3.0840248806996695
解除,4.2626798770413155
慢,3.2510789653628356
出来,3.4517496608249867
好久,3.3463891451671604
啥,3.2510789653628356
串,4.550361949493096
提前,4.550361949493096
总是,3.0840248806996695
浏览器,3.56953269648137
金花,4.039536325727106
20%,3.703064089105893
确认,3.4517496608249867
没收,3.703064089105893
大礼包,4.2626798770413155
自己,3.164067588373206
领,3.4517496608249867
查看,4.2626798770413155
好像,3.164067588373206
昨天,3.0840248806996695
明明,3.4517496608249867
欧洲,4.955827057601261
之前,3.3463891451671604
一笔,3.2510789653628356
然后,3.4517496608249867
自动,3.56953269648137
额,3.2510789653628356
着,3.56953269648137
名字,4.2626798770413155
做,3.56953269648137
可是,3.164067588373206
退,3.56953269648137
一次,3.2510789653628356
个人,4.2626798770413155
那么,3.3463891451671604
安全,4.550361949493096
im,3.703064089105893
延迟,3.3463891451671604
死,4.2626798770413155
轮盘,3.8572147689331513
历史,4.955827057601261
朋友,3.164067588373206
进入,3.2510789653628356
但,3.164067588373206
帐号,3.56953269648137
绑定,3.8572147689331513
就是,3.164067588373206
填,3.56953269648137
填写,3.703064089105893
关,4.550361949493096
结束,3.703064089105893
黑,3.56953269648137
闲,4.2626798770413155
炸,4.039536325727106
一局,4.039536325727106
棋牌,4.2626798770413155
每天,3.3463891451671604
锁定,3.8572147689331513
已,3.4517496608249867
积分,4.550361949493096
嘛,3.0840248806996695
跳,3.8572147689331513
解释,3.4517496608249867
每次,3.3463891451671604
反应,3.3463891451671604
人,3.164067588373206
钱包,3.56953269648137
试,3.4517496608249867
得,3.0840248806996695
为何,3.703064089105893
点击,3.3463891451671604
写,4.039536325727106
软件,4.039536325727106
找到,3.703064089105893
最低,3.703064089105893
最新,3.8572147689331513
知道,3.3463891451671604
娱乐,3.703064089105893
只有,3.2510789653628356
开户,3.8572147689331513
注销,4.550361949493096
昨晚,3.3463891451671604
香港,4.955827057601261
宝,4.2626798770413155
大,3.8572147689331513
怎么样,3.4517496608249867
鱼,4.955827057601261
资金,3.703064089105893
压,3.8572147689331513
三项,5.648974238161206
单子,3.703064089105893
最后,3.56953269648137
查查,3.703064089105893
如果,3.2510789653628356
次数,4.2626798770413155
两次,3.4517496608249867
转换,4.955827057601261
大白菜,4.955827057601261
真实,4.955827057601261
精装,5.648974238161206
vr,3.703064089105893
boying,3.8572147689331513
计划,5.648974238161206
速度,3.3463891451671604
跟,3.56953269648137
谁,4.039536325727106
之后,3.2510789653628356
添加,3.4517496608249867
忘,3.703064089105893
不在,4.955827057601261
您,3.4517496608249867
日,4.039536325727106
不成,3.3463891451671604
好多,3.56953269648137
调整,3.56953269648137
小,3.3463891451671604
球,4.2626798770413155
啦,3.4517496608249867
他,3.4517496608249867
分钟,3.4517496608249867
前,3.2510789653628356
60%,4.955827057601261
线,4.550361949493096
只,3.4517496608249867
所有,3.8572147689331513
笔,3.4517496608249867
早上,3.56953269648137
支持,4.2626798770413155
金,3.56953269648137
比例,3.8572147689331513
备用,5.648974238161206
大奖,4.550361949493096
一天,3.703064089105893
逼,5.648974238161206
火,5.648974238161206
狐,5.648974238161206
谷歌,5.648974238161206
答案,4.955827057601261
马来,5.648974238161206
印尼,5.648974238161206
美国,5.648974238161206
亲,3.4517496608249867
参加,3.8572147689331513
冲,3.56953269648137
是否,3.3463891451671604
有限,3.703064089105893
制,3.56953269648137
尝试,3.8572147689331513
找回,4.2626798770413155
在手,4.2626798770413155
异常,4.550361949493096
付款,3.4517496608249867
懂,3.8572147689331513
功,3.4517496608249867
突然,3.56953269648137
刷新,4.2626798770413155
白,5.648974238161206
名单,5.648974238161206
垃圾,3.8572147689331513
协助,3.4517496608249867
只能,3.56953269648137
尚未,3.56953269648137
半天,3.703064089105893
这些,4.2626798770413155
删除,4.039536325727106
给钱,4.2626798770413155
鸡巴,4.955827057601261
输入,4.039536325727106
赞助,5.648974238161206
至尊,5.648974238161206
尊贵,5.648974238161206
下单,4.039536325727106
哦,3.703064089105893
几时,3.4517496608249867
合作,4.2626798770413155
别的,3.703064089105893
条件,3.703064089105893
可否,3.4517496608249867
短信,4.550361949493096
桌面,4.955827057601261
预付,4.2626798770413155
介绍,3.56953269648137
常,3.703064089105893
或者,3.703064089105893
全部,3.8572147689331513
具体,3.8572147689331513
不要,3.8572147689331513
哪些,3.703064089105893
妹妹,4.2626798770413155
却,4.039536325727106
看不到,3.4517496608249867
赔付,4.2626798770413155
负数,5.648974238161206
哪个,3.4517496608249867
好几,4.2626798770413155
很多,3.8572147689331513
一把,3.703064089105893
乱,4.039536325727106
龙,4.550361949493096
首选,5.648974238161206
出款,3.703064089105893
到底,3.703064089105893
一倍,5.648974238161206
赢得,3.56953269648137
块,3.8572147689331513
通过,3.703064089105893
根据,3.8572147689331513
那里,3.56953269648137
最近,3.703064089105893
受限,4.2626798770413155
商户,4.2626798770413155
流程,3.8572147689331513
走,3.8572147689331513
打开,3.703064089105893
饿,4.550361949493096
有钱,4.955827057601261
选项,4.039536325727106
变,3.703064089105893
可,3.8572147689331513
成为,4.955827057601261
代码,4.039536325727106
足球,4.2626798770413155
玩法,3.56953269648137
不让,3.56953269648137
风险,4.2626798770413155
天,3.703064089105893
一半,3.8572147689331513
同,3.56953269648137
问问,3.703064089105893
设,3.56953269648137
一会,4.039536325727106
每日,4.2626798770413155
还要,4.039536325727106
不正,4.039536325727106
sa,4.955827057601261
咋,3.703064089105893
中奖,4.039536325727106
专属,4.955827057601261
上去,4.039536325727106
图片,4.955827057601261
1%,4.550361949493096
能量,5.648974238161206
大概,3.8572147689331513
屎,4.955827057601261
合并,4.955827057601261
倍,3.8572147689331513
的话,3.703064089105893
喜欢,4.039536325727106
不知,3.8572147689331513
道,3.8572147689331513
原因,3.703064089105893
为,3.8572147689331513
从,3.703064089105893
服务,4.2626798770413155
用户,4.039536325727106
付,4.039536325727106
这样,3.703064089105893
超出,4.955827057601261
彩,4.550361949493096
主,4.039536325727106
行,3.703064089105893
转入,4.955827057601261
至,3.8572147689331513
键,4.955827057601261
继续,4.039536325727106
几个,3.8572147689331513
发送,4.2626798770413155
按,3.8572147689331513
修改,4.2626798770413155
这边,4.039536325727106
比分,4.2626798770413155
这场,4.550361949493096
以后,3.703064089105893
中文,4.955827057601261
选择,3.8572147689331513
最大,4.955827057601261
目前,3.8572147689331513
除了,3.8572147689331513
开始,3.8572147689331513
地方,4.039536325727106
打算,4.550361949493096
网络,4.2626798770413155
真,3.8572147689331513
名,4.550361949493096
投,4.550361949493096
几次,3.8572147689331513
切换,5.648974238161206
对,3.8572147689331513
连接,4.2626798770413155
奖,4.039536325727106
以,3.8572147689331513
只是,3.703064089105893
白菜,5.648974238161206
astropay,4.955827057601261
了解,4.039536325727106
万,4.2626798770413155
物流,4.955827057601261
举报,5.648974238161206
货,4.2626798770413155
几天,3.8572147689331513
发货,4.955827057601261
过期,3.8572147689331513
字,4.955827057601261
明白,4.039536325727106
迟迟,4.039536325727106
无效,4.2626798770413155
忘记密码,4.550361949493096
电话,4.2626798770413155
语言,4.955827057601261
电子,4.550361949493096
同时,3.8572147689331513
存在,4.039536325727106
利,4.039536325727106
地区,4.550361949493096
简单,3.8572147689331513
一点,3.8572147689331513
差,4.550361949493096
北京,4.550361949493096
长时间,4.039536325727106
筹码,4.2626798770413155
跑,4.955827057601261
反,3.8572147689331513
qq,4.2626798770413155
教程,4.2626798770413155
事宜,3.8572147689331513
咨询,3.8572147689331513
催,4.039536325727106
加载,4.550361949493096
晚上,3.8572147689331513
实际,4.2626798770413155
全,4.2626798770413155
篮球,4.2626798770413155
两个,4.039536325727106
关闭,4.2626798770413155
成,4.2626798770413155
本,3.8572147689331513
前面,3.8572147689331513
累计,5.648974238161206
解决,4.039536325727106
过去,4.039536325727106
您们,3.8572147689331513
该,3.8572147689331513
界面,4.2626798770413155
讯息,4.2626798770413155
卡号,4.550361949493096
娱乐城,4.2626798770413155
确定,4.2626798770413155
庄,4.550361949493096
重庆,4.550361949493096
剩下,4.2626798770413155
新人,4.039536325727106
投诉,4.955827057601261
确,4.2626798770413155
不可,4.039536325727106
户,4.955827057601261
失效,4.955827057601261
员,4.955827057601261
atm,5.648974238161206
有效,4.039536325727106
干,4.039536325727106
推广,5.648974238161206
top,5.648974238161206
截图,5.648974238161206
任何,4.039536325727106
审核,4.2626798770413155
操,4.550361949493096
上周,4.550361949493096
护航,5.648974238161206
免费转,4.2626798770413155
拿,4.039536325727106
中国,4.2626798770413155
小精灵,4.039536325727106
步骤,4.550361949493096
提供,4.039536325727106
叫,4.2626798770413155
有人,4.2626798770413155
得到,4.039536325727106
入网,4.2626798770413155
收款,4.550361949493096
入款,4.039536325727106
天气,5.648974238161206
一种,4.550361949493096
鬼,4.2626798770413155
不支,4.550361949493096
持,4.550361949493096
多长,4.550361949493096
马上,4.2626798770413155
功能,4.2626798770413155
提到,4.550361949493096
首次,4.2626798770413155
看见,4.2626798770413155
邮箱验证,4.955827057601261
没法,4.2626798770413155
。。。,4.2626798770413155
过来,4.039536325727106
阿,4.2626798770413155
佣金,5.648974238161206
一个月,4.2626798770413155
滚球,4.2626798770413155
不同,4.550361949493096
单一,4.550361949493096
场,4.2626798770413155
对不上,4.550361949493096
本金,4.2626798770413155
子,4.2626798770413155
封,4.550361949493096
赔率,4.955827057601261
删掉,4.955827057601261
半个,4.550361949493096
最快,5.648974238161206
最,4.2626798770413155
现金,4.039536325727106
闪,4.955827057601261
赶紧,4.039536325727106
几把,4.2626798770413155
对子,4.955827057601261
骰宝,4.550361949493096
牌,4.550361949493096
这次,4.955827057601261
存有,4.550361949493096
福利,4.550361949493096
新会员,4.2626798770413155
升级,4.550361949493096
官网,4.955827057601261
正常,4.2626798770413155
消息,4.039536325727106
三个,4.550361949493096
或,4.039536325727106
技术,5.648974238161206
手机验证,5.648974238161206
开通,4.955827057601261
柜,5.648974238161206
先,4.039536325727106
八号,4.2626798770413155
安装,5.648974238161206
育,4.955827057601261
电子竞技,4.955827057601261
sos,5.648974238161206
bb,4.2626798770413155
25%,5.648974238161206
榜,5.648974238161206
奖品,4.955827057601261
再见,4.955827057601261
单月,4.955827057601261
总,4.550361949493096
拦截,4.955827057601261
改名,4.955827057601261
水,4.2626798770413155
爱,4.550361949493096
张,4.550361949493096
淘,4.955827057601261
卖,5.648974238161206
有误,4.2626798770413155
英文,4.550361949493096
区,4.550361949493096
半,4.2626798770413155
通道,4.550361949493096
超限,4.550361949493096
乱码,4.550361949493096
回来,4.2626798770413155
根本,4.2626798770413155
必须,4.2626798770413155
按照,4.2626798770413155
帐户,4.550361949493096
发现,4.2626798770413155
记得,4.550361949493096
告诉,4.2626798770413155
玩意,4.550361949493096
经常,4.2626798770413155
时时彩,4.955827057601261
赛车,5.648974238161206
结账,4.550361949493096
赔,4.2626798770413155
赛,4.550361949493096
比较,4.550361949493096
亚,4.955827057601261
区别,4.2626798770413155
二,4.2626798770413155
webhook)）,4.2626798770413155
三笔,4.955827057601261
影响,4.2626798770413155
选,4.2626798770413155
以前,4.2626798770413155
总额,4.550361949493096
渠道,4.550361949493096
快速,4.955827057601261
破,4.550361949493096
值,4.2626798770413155
拒,4.550361949493096
几种,4.955827057601261
亲爱,4.2626798770413155
退款,4.955827057601261
艹,4.550361949493096
财务,4.2626798770413155
屏,4.2626798770413155
判,5.648974238161206
明显,4.955827057601261
几,4.550361949493096
退回,4.2626798770413155
剩,4.550361949493096
玩儿,4.2626798770413155
通知,4.2626798770413155
赠送,4.550361949493096
券,4.955827057601261
包,4.2626798770413155
奖励,4.550361949493096
端,4.2626798770413155
体验,4.550361949493096
洗,4.550361949493096
服务器,4.550361949493096
后备,5.648974238161206
防止,4.550361949493096
撤,4.955827057601261
撤销,4.955827057601261
调,4.2626798770413155
不朽,4.955827057601261
情缘,4.955827057601261
故障,4.550361949493096
弹,4.550361949493096
电话号码,4.955827057601261
能否,4.550361949493096
因为,4.2626798770413155
一百,5.648974238161206
改用,5.648974238161206
充值卡,4.955827057601261
暂时,4.550361949493096
手续费,5.648974238161206
邮费,5.648974238161206
ptapp,5.648974238161206
版本,4.550361949493096
发给,5.648974238161206
而已,4.550361949493096
狗,5.648974238161206
提问,5.648974238161206
当天,4.550361949493096
等待,4.955827057601261
符合,4.550361949493096
下午,4.550361949493096
test,4.550361949493096
别人,5.648974238161206
公司,4.550361949493096
美女,4.955827057601261
哪儿,4.550361949493096
机上,4.955827057601261
机器人,4.955827057601261
指定,4.550361949493096
服务区,5.648974238161206
一样,4.550361949493096
骗,4.550361949493096
告知,4.550361949493096
搜寻,4.550361949493096
交,4.955827057601261
做爱,5.648974238161206
明天,4.550361949493096
茶,5.648974238161206
客户,4.550361949493096
移,4.955827057601261
除,4.955827057601261
真的,4.550361949493096
赚,4.955827057601261
面,4.550361949493096
不够,4.955827057601261
足够,4.550361949493096
内,4.955827057601261
发出,4.955827057601261
发来,4.550361949493096
怎,4.550361949493096
号码,4.550361949493096
体育博彩,4.550361949493096
不解,4.550361949493096
下方,4.550361949493096
每个,4.550361949493096
相关,4.955827057601261
一会儿,4.955827057601261
这种,4.550361949493096
事,4.550361949493096
厉害,4.550361949493096
完全,4.550361949493096
直,4.955827057601261
秒,4.550361949493096
半场,4.955827057601261
乐天堂,4.550361949493096
对了,4.550361949493096
退还,4.550361949493096
傻,4.955827057601261
不一,4.550361949493096
有些,4.550361949493096
负,4.955827057601261
零,4.550361949493096
-1,5.648974238161206
返回,4.550361949493096
起,4.550361949493096
传,4.955827057601261
webhook),4.550361949493096
单日,4.955827057601261
不然,4.550361949493096
利用,4.955827057601261
千,4.550361949493096
扣款,4.955827057601261
上分,4.955827057601261
至今,4.955827057601261
存入,4.955827057601261
方法,4.955827057601261
球赛,4.550361949493096
进账,4.550361949493096
办理,5.648974238161206
不用,4.550361949493096
动静,4.550361949493096
倒数,4.550361949493096
乐,4.550361949493096
稳定,4.550361949493096
牛牛,4.550361949493096
荷官,4.550361949493096
瞎,4.955827057601261
理,4.955827057601261
n2,4.550361949493096
开出,4.955827057601261
分数,4.955827057601261
三百,4.955827057601261
莫名其妙,4.955827057601261
本来,4.955827057601261
等到,5.648974238161206
见,4.955827057601261
开奖,4.955827057601261
询问,4.955827057601261
满额,4.550361949493096
特邀,4.955827057601261
与,4.955827057601261
够,4.955827057601261
规定,4.550361949493096
特,4.550361949493096
救济金,4.955827057601261
进度,4.955827057601261
域名,4.550361949493096
首页,5.648974238161206
主页,4.955827057601261
址,4.955827057601261
太阳城,5.648974238161206
一片,4.955827057601261
空白,4.955827057601261
真人轮盘,5.648974238161206
最少,4.550361949493096
状况,4.550361949493096
拉,4.550361949493096
池,4.955827057601261
换手,4.955827057601261
统,4.550361949493096
蛋,4.955827057601261
dt,5.648974238161206
常规,4.955827057601261
之,4.550361949493096
块钱,4.550361949493096
收款人,5.648974238161206
有点,4.550361949493096
本银,4.955827057601261
球队,5.648974238161206
获取,4.955827057601261
两天,4.550361949493096
恢复,4.955827057601261
捕鱼游戏,5.648974238161206
深海,4.955827057601261
低,4.550361949493096
高,4.550361949493096
画面,5.648974238161206
店里,4.550361949493096
那边,4.550361949493096
期限,4.955827057601261
奖券,4.955827057601261
加,4.550361949493096
贵,5.648974238161206
ios,4.955827057601261
新版,4.550361949493096
下体,4.955827057601261
50%,4.550361949493096
级别,4.955827057601261
杂种,5.648974238161206
网上,4.955827057601261
全家,5.648974238161206
骗子,5.648974238161206
说话,4.955827057601261
屋,5.648974238161206
感谢,5.648974238161206
ok,5.648974238161206
人工,5.648974238161206
空,5.648974238161206
总数,4.955827057601261
费用,4.955827057601261
沃尔玛,4.955827057601261
能干,4.955827057601261
邮寄,4.955827057601261
尽快,4.955827057601261
安排,4.955827057601261
要是,4.955827057601261
政治,5.648974238161206
民主,5.648974238161206
事件,5.648974238161206
私人,4.955827057601261
约,4.955827057601261
喝酒,4.955827057601261
我们,4.955827057601261
充钱,4.955827057601261
下同,4.955827057601261
一万,4.955827057601261
咖啡,4.955827057601261
说法,5.648974238161206
语,5.648974238161206
电子游戏,4.955827057601261
访问,5.648974238161206
受到,4.955827057601261
站,4.955827057601261
非,5.648974238161206
十分钟,4.955827057601261
输光,4.955827057601261
请教,4.955827057601261
上面,4.955827057601261
身材,5.648974238161206
奶,4.955827057601261
情,4.955827057601261
强奸,4.955827057601261
双,4.955827057601261
肏,4.955827057601261
台风,5.648974238161206
干什么,4.955827057601261
试用,5.648974238161206
试试,5.648974238161206
侧,5.648974238161206
行为,4.955827057601261
解开,4.955827057601261
文件,4.955827057601261
清楚,4.955827057601261
有余,4.955827057601261
现实,4.955827057601261
而且,4.955827057601261
游玩,5.648974238161206
毛钱,5.648974238161206
它,4.955827057601261
出去,4.955827057601261
不小,4.955827057601261
心,4.955827057601261
邮,4.955827057601261
认证,4.955827057601261
欲,5.648974238161206
如,4.955827057601261
 ,4.955827057601261
输赢,4.955827057601261
联盟,5.648974238161206
咱们,4.955827057601261
差别,4.955827057601261
恶心,4.955827057601261
输钱,4.955827057601261
两,4.955827057601261
比,4.955827057601261
中断,4.955827057601261
系统维护,4.955827057601261
踢,4.955827057601261
单被,4.955827057601261
不算,4.955827057601261
样,4.955827057601261
有时,5.648974238161206
间,5.648974238161206
连,4.955827057601261
大小,4.955827057601261
题,5.648974238161206
欧,5.648974238161206
赛果,4.955827057601261
分别,5.648974238161206
英文版,4.955827057601261
1:0,5.648974238161206
-0,5.648974238161206
扣除,5.648974238161206
当时,5.648974238161206
赌注,4.955827057601261
当日,4.955827057601261
那些,4.955827057601261
不好意思,4.955827057601261
请求,4.955827057601261
正在,4.955827057601261
整,4.955827057601261
核实,4.955827057601261
进款,4.955827057601261
入账,4.955827057601261
大约,4.955827057601261
两笔,4.955827057601261
款项,4.955827057601261
种,4.955827057601261
快捷,4.955827057601261
没用,4.955827057601261
不好,4.955827057601261
前天,4.955827057601261
不过,4.955827057601261
刷,4.955827057601261
接受,5.648974238161206
说明,4.955827057601261
按钮,5.648974238161206
老板,4.955827057601261
早就,4.955827057601261
上次,4.955827057601261
赌,4.955827057601261
神,4.955827057601261
门票,4.955827057601261
淘汰,4.955827057601261
；uc,4.955827057601261
厂商,4.955827057601261
传输,4.955827057601261
发生,4.955827057601261
上百,4.955827057601261
大为,5.648974238161206
坑,4.955827057601261
牛,5.648974238161206
无,4.955827057601261
下处,5.648974238161206
一秒,5.648974238161206
视频,5.648974238161206
ab,5.648974238161206
一千,4.955827057601261
五,4.955827057601261
博,5.648974238161206
故意,4.955827057601261
杭州,4.955827057601261
变成,4.955827057601261
厅,5.648974238161206
卡住,4.955827057601261
反而,4.955827057601261
反映,4.955827057601261
及时,5.648974238161206
毛病,5.648974238161206
三十分钟,5.648974238161206
拖,5.648974238161206
爆,4.955827057601261
这笔,4.955827057601261
和局,5.648974238161206
一分,5.648974238161206
本钱,5.648974238161206
崩,5.648974238161206
增加,4.955827057601261
翻译,5.648974238161206
锁定红利,4.955827057601261
礼金,4.955827057601261
礼,4.955827057601261
18app,5.648974238161206
需,4.955827057601261
轻松,5.648974238161206
今日,4.955827057601261
下流,4.955827057601261
万能,4.955827057601261
第二次,4.955827057601261
生日,4.955827057601261
有救,5.648974238161206
援,5.648974238161206
心意金,5.648974238161206
达成,5.648974238161206
利多,4.955827057601261
条,4.955827057601261
玩家,4.955827057601261
换成,4.955827057601261
官方,4.955827057601261
有别,5.648974238161206
断线,4.955827057601261
删,4.955827057601261
英格兰,5.648974238161206
巨星,4.955827057601261
骗人,4.955827057601261
动,5.648974238161206
并,4.955827057601261
凌晨,4.955827057601261
白蛇传,5.648974238161206
旋转,4.955827057601261
居然,4.955827057601261
切,5.648974238161206
低于,5.648974238161206
王,4.955827057601261
遇到,4.955827057601261
重复,4.955827057601261
童,5.648974238161206
鞋,5.648974238161206
本地银行,4.955827057601261
木,4.955827057601261
参与,4.955827057601261
都市,5.648974238161206
干吗,4.955827057601261
用电,4.955827057601261
脑,4.955827057601261
重,4.955827057601261
于,4.955827057601261
沒,4.955827057601261
再次,4.955827057601261
出钱,4.955827057601261
提出,4.955827057601261
注意,4.955827057601261
可不可以,4.955827057601261
一定,4.955827057601261
更正,5.648974238161206
销,4.955827057601261
多次,5.648974238161206
双重,5.648974238161206
冻结,4.955827057601261
禁用,5.648974238161206
入口,5.648974238161206
身份证,4.955827057601261
a,5.648974238161206
百分比,4.955827057601261
提钱,4.955827057601261
机制,4.955827057601261
倒闭,4.955827057601261
整个,5.648974238161206
尼,4.955827057601261
一个多,4.955827057601261
下来,4.955827057601261
救救,4.955827057601261
收取,5.648974238161206
抽取,4.955827057601261
用处,5.648974238161206
批准,4.955827057601261
一起,4.955827057601261
营业,5.648974238161206
一项,4.955827057601261
快递,4.955827057601261
一些,4.955827057601261
运费,5.648974238161206
累积,4.955827057601261
有效期,5.648974238161206
家乐福,5.648974238161206
关于,4.955827057601261
个体,5.648974238161206
呗,5.648974238161206
30%,5.648974238161206
期间,4.955827057601261
沙巴,4.955827057601261
周,4.955827057601261
sp,4.955827057601261
天天,4.955827057601261
这项,4.955827057601261
我会,4.955827057601261
病,4.955827057601261
畜生,5.648974238161206
靠,5.648974238161206
诈骗,4.955827057601261
晒,5.648974238161206
草,4.955827057601261
丑,5.648974238161206
走狗,5.648974238161206
毛,4.955827057601261
b,5.648974238161206
废物,5.648974238161206
麻痹,5.648974238161206
王八,5.648974238161206
滚,5.648974238161206
废话,5.648974238161206
拜拜,5.648974238161206
没事,4.955827057601261
答非所问,5.648974238161206
登上,5.648974238161206
钓鱼岛,5.648974238161206
上个月,5.648974238161206
机会,5.648974238161206
五次,5.648974238161206
起来,5.648974238161206
十元,5.648974238161206
选购,5.648974238161206
超,5.648974238161206
购,5.648974238161206
物,5.648974238161206
礼品,5.648974238161206
到货,5.648974238161206
订,5.648974238161206
拍,5.648974238161206
周二,5.648974238161206
dns,5.648974238161206
别家,5.648974238161206
葡,5.648974238161206
京,5.648974238161206
比如,5.648974238161206
取现,5.648974238161206
对流,5.648974238161206
几倍,5.648974238161206
伊斯兰教,5.648974238161206
未来,5.648974238161206
特朗普,5.648974238161206
支持者,5.648974238161206
西藏,5.648974238161206
暴动,5.648974238161206
达赖喇嘛,5.648974238161206
流亡,5.648974238161206
将,5.648974238161206
大选,5.648974238161206
共产党,5.648974238161206
基督教,5.648974238161206
好不好,5.648974238161206
殖民地,5.648974238161206
无核,5.648974238161206
化,5.648974238161206
金正,5.648974238161206
恩,5.648974238161206
六,5.648974238161206
四,5.648974238161206
谈论,5.648974238161206
台湾,5.648974238161206
為,5.648974238161206
甚,5.648974238161206
麼,5.648974238161206
新加坡,5.648974238161206
中共,5.648974238161206
國,5.648974238161206
约会,5.648974238161206
照片,5.648974238161206
菲律宾,5.648974238161206
周末,5.648974238161206
愿意,5.648974238161206
女朋友,5.648974238161206
交朋友,5.648974238161206
嫁,5.648974238161206
卡卡,5.648974238161206
乐卡,5.648974238161206
卡什,5.648974238161206
不符,5.648974238161206
合,5.648974238161206
记,5.648974238161206
借,5.648974238161206
唱歌,5.648974238161206
做饭,5.648974238161206
开心,5.648974238161206
饭,5.648974238161206
跳舞,5.648974238161206
创造,5.648974238161206
种族,5.648974238161206
男人,5.648974238161206
女人,5.648974238161206
男,5.648974238161206
女,5.648974238161206
做出,5.648974238161206
起源,5.648974238161206
国籍,5.648974238161206
妈妈,5.648974238161206
爸爸,5.648974238161206
爸,5.648974238161206
父母,5.648974238161206
人类,5.648974238161206
泰语,5.648974238161206
西文,5.648974238161206
俄语,5.648974238161206
日语,5.648974238161206
文,5.648974238161206
韩语,5.648974238161206
英语,5.648974238161206
越南,5.648974238161206
68%,5.648974238161206
内陆,5.648974238161206
国外,5.648974238161206
国内,5.648974238161206
大陆,5.648974238161206
所在地,5.648974238161206
区域,5.648974238161206
范围,5.648974238161206
商家,5.648974238161206
哎,5.648974238161206
抱怨,5.648974238161206
输太多,5.648974238161206
（app）,5.648974238161206
howtochangeinapp,5.648974238161206
howtochangeinmobileversion,5.648974238161206
howtochangeondesktop,5.648974238161206
胸部,5.648974238161206
jj,5.648974238161206
妹子,5.648974238161206
炮,5.648974238161206
打手,5.648974238161206
枪,5.648974238161206
几岁,5.648974238161206
包养,5.648974238161206
咪咪,5.648974238161206
射,5.648974238161206
男朋友,5.648974238161206
不大,5.648974238161206
一夜,5.648974238161206
飞机,5.648974238161206
骚货,5.648974238161206
处女,5.648974238161206
姿势,5.648974238161206
舔,5.648974238161206
阴部,5.648974238161206
上床,5.648974238161206
屁股,5.648974238161206
拥抱,5.648974238161206
飞,5.648974238161206
听,5.648974238161206
床,5.648974238161206
声,5.648974238161206
打炮,5.648974238161206
不怎么,5.648974238161206
雪,5.648974238161206
雨,5.648974238161206
停,5.648974238161206
下雨,5.648974238161206
暴风雨,5.648974238161206
植物,5.648974238161206
类,5.648974238161206
花草,5.648974238161206
用作,5.648974238161206
袋,5.648974238161206
泡茶,5.648974238161206
原料,5.648974238161206
烤鸭,5.648974238161206
饭店,5.648974238161206
酒类,5.648974238161206
菜谱,5.648974238161206
酵母,5.648974238161206
提取物,5.648974238161206
添加剂,5.648974238161206
水果,5.648974238161206
一杯,5.648974238161206
红葡萄酒,5.648974238161206
马,5.648974238161206
黛,5.648974238161206
乌拉圭,5.648974238161206
美味,5.648974238161206
佳肴,5.648974238161206
这家,5.648974238161206
餐馆,5.648974238161206
厨师,5.648974238161206
菜单,5.648974238161206
下班,5.648974238161206
吃饭,5.648974238161206
还好,5.648974238161206
穿,5.648974238161206
今晚,5.648974238161206
饱,5.648974238161206
开支,5.648974238161206
超额,5.648974238161206
改换,5.648974238161206
超支,5.648974238161206
总共,5.648974238161206
村,5.648974238161206
禁止,5.648974238161206
启动,5.648974238161206
足,5.648974238161206
体,5.648974238161206
n/a,5.648974238161206
充足,5.648974238161206
无论,5.648974238161206
二百,5.648974238161206
二千,5.648974238161206
转给,5.648974238161206
放到,5.648974238161206
程序,5.648974238161206
转移,5.648974238161206
转回,5.648974238161206
实现,5.648974238161206
往,5.648974238161206
外,5.648974238161206
上边,5.648974238161206
指南,5.648974238161206
垃圾箱,5.648974238161206
后缀,5.648974238161206
更,5.648974238161206
由于,5.648974238161206
眼花,5.648974238161206
看成,5.648974238161206
教导,5.648974238161206
密钥,5.648974238161206
合营,5.648974238161206
部,5.648974238161206
下边,5.648974238161206
结转,5.648974238161206
业务,5.648974238161206
招,5.648974238161206
提成,5.648974238161206
随便,5.648974238161206
润,5.648974238161206
钥匙,5.648974238161206
有关,5.648974238161206
计,5.648974238161206
什么样,5.648974238161206
开场,5.648974238161206
项目,5.648974238161206
平局,5.648974238161206
附加,5.648974238161206
二百块,5.648974238161206
允许,5.648974238161206
一场,5.648974238161206
类型,5.648974238161206
之类,5.648974238161206
那场,5.648974238161206
篮球赛,5.648974238161206
节,5.648974238161206
同一,5.648974238161206
网球,5.648974238161206
红,5.648974238161206
完好,5.648974238161206
场地,5.648974238161206
终止,5.648974238161206
准备,5.648974238161206
多余,5.648974238161206
打钱,5.648974238161206
变动,5.648974238161206
数,5.648974238161206
兑奖,5.648974238161206
单正,5.648974238161206
子明,5.648974238161206
明,5.648974238161206
开打,5.648974238161206
作废,5.648974238161206
进球,5.648974238161206
中途,5.648974238161206
下面,5.648974238161206
即时,5.648974238161206
过关,5.648974238161206
足球投注,5.648974238161206
清,5.648974238161206
回去,5.648974238161206
高点,5.648974238161206
习惯,5.648974238161206
早,5.648974238161206
寻找,5.648974238161206
+5,5.648974238161206
比如说,5.648974238161206
主队,5.648974238161206
州,5.648974238161206
25/0,5.648974238161206
5、0,5.648974238161206
5-2,5.648974238161206
第一个,5.648974238161206
从不,5.648974238161206
看起来,5.648974238161206
不爽,5.648974238161206
消除,5.648974238161206
碍眼,5.648974238161206
强迫症,5.648974238161206
看不惯,5.648974238161206
挂,5.648974238161206
看着,5.648974238161206
心烦,5.648974238161206
cny201808076310002,5.648974238161206
接下来,5.648974238161206
卷,5.648974238161206
cccf1133,5.648974238161206
baba2015,5.648974238161206
发起,5.648974238161206
已有,5.648974238161206
复制,5.648974238161206
可能,5.648974238161206
五千,5.648974238161206
不靠,5.648974238161206
谱,5.648974238161206
度,5.648974238161206
日常,5.648974238161206
intent),5.648974238161206
70030003,5.648974238161206
webhook）,5.648974238161206
存款单,5.648974238161206
冲的钱,5.648974238161206
三,5.648974238161206
11：30,5.648974238161206
万元,5.648974238161206
民生银行,5.648974238161206
方,5.648974238161206
估计,5.648974238161206
详情,5.648974238161206
咱家,5.648974238161206
根本无法,5.648974238161206
使,5.648974238161206
没法儿,5.648974238161206
咯,5.648974238161206
反复,5.648974238161206
几十次,5.648974238161206
人家,5.648974238161206
原,5.648974238161206
路,5.648974238161206
退换,5.648974238161206
现,5.648974238161206
途径,5.648974238161206
儲,5.648974238161206
项,5.648974238161206
查找,5.648974238161206
字样,5.648974238161206
le,5.648974238161206
管理,5.648974238161206
邦,5.648974238161206
所以,5.648974238161206
一丝,5.648974238161206
睡着,5.648974238161206
加急,5.648974238161206
究竟,5.648974238161206
责任,5.648974238161206
原本,5.648974238161206
任意,5.648974238161206
赔钱,5.648974238161206
倒扣,5.648974238161206
一张,5.648974238161206
b51805130144gd,5.648974238161206
三点,5.648974238161206
二点,5.648974238161206
端口,5.648974238161206
到位,5.648974238161206
未知,5.648974238161206
注重,5.648974238161206
庆,5.648974238161206
vol17,5.648974238161206
在押,5.648974238161206
龙虎,5.648974238161206
押,5.648974238161206
丽江,5.648974238161206
一千多,5.648974238161206
八千,5.648974238161206
及,5.648974238161206
gc0161890401g,5.648974238161206
百家,5.648974238161206
无奈,5.648974238161206
本身,5.648974238161206
打着,5.648974238161206
多块,5.648974238161206
黑钱,5.648974238161206
回头,5.648974238161206
国际,5.648974238161206
扎,5.648974238161206
牙,5.648974238161206
庄家,5.648974238161206
洗牌,5.648974238161206
一盘,5.648974238161206
三公,5.648974238161206
玖,5.648974238161206
x,5.648974238161206
砖石,5.648974238161206
"""i21809261814",5.648974238161206
套路,5.648974238161206
砸,5.648974238161206
佩服,5.648974238161206
r218042800402,5.648974238161206
赔还,5.648974238161206
中投,5.648974238161206
静坐,5.648974238161206
发牌,5.648974238161206
听说,5.648974238161206
纯,5.648974238161206
新手,5.648974238161206
红包,5.648974238161206
索取,5.648974238161206
劵,5.648974238161206
独家,5.648974238161206
立,5.648974238161206
享,5.648974238161206
老早,5.648974238161206
app。,5.648974238161206
邀请,5.648974238161206
有奖,5.648974238161206
励,5.648974238161206
好友,5.648974238161206
离,5.648974238161206
各,5.648974238161206
是因为,5.648974238161206
属于,5.648974238161206
几百万,5.648974238161206
制度,5.648974238161206
多难,5.648974238161206
咱,5.648974238161206
二次,5.648974238161206
发放,5.648974238161206
备,5.648974238161206
每月,5.648974238161206
亏损,5.648974238161206
救助,5.648974238161206
一份,5.648974238161206
有生,5.648974238161206
段时间,5.648974238161206
玩玩,5.648974238161206
任务,5.648974238161206
达标,5.648974238161206
姐姐,5.648974238161206
发短,5.648974238161206
信,5.648974238161206
祖,5.648974238161206
册,5.648974238161206
一发,5.648974238161206
分流,5.648974238161206
app、,5.648974238161206
有时候,5.648974238161206
上网,5.648974238161206
站上,5.648974238161206
后台,5.648974238161206
维修,5.648974238161206
另,5.648974238161206
虚拟,5.648974238161206
澳门,5.648974238161206
金沙,5.648974238161206
威尼斯人,5.648974238161206
记不清,5.648974238161206
楚,5.648974238161206
反正,5.648974238161206
经典,5.648974238161206
有否,5.648974238161206
mglive,5.648974238161206
报表,5.648974238161206
回,5.648974238161206
内容,5.648974238161206
结,5.648974238161206
16,5.648974238161206
意大利,5.648974238161206
中场,5.648974238161206
休息,5.648974238161206
光,5.648974238161206
倒,5.648974238161206
事情,5.648974238161206
底,5.648974238161206
过后,5.648974238161206
打中,5.648974238161206
无缘无故,5.648974238161206
觉得,5.648974238161206
难道,5.648974238161206
种类,5.648974238161206
每,5.648974238161206
一款,5.648974238161206
管理员,5.648974238161206
一两,5.648974238161206
联接,5.648974238161206
序,5.648974238161206
漩,5.648974238161206
宝石,5.648974238161206
迷,5.648974238161206
扯,5.648974238161206
不停,5.648974238161206
黄金,5.648974238161206
辣椒,5.648974238161206
荒野,5.648974238161206
遗产,5.648974238161206
曲艺,5.648974238161206
秀,5.648974238161206
内部,5.648974238161206
端的,5.648974238161206
启用,5.648974238161206
flash,5.648974238161206
三国,5.648974238161206
争霸,5.648974238161206
阶段,5.648974238161206
标准,5.648974238161206
几下,5.648974238161206
大厅,5.648974238161206
好不容易,5.648974238161206
滴,5.648974238161206
血,5.648974238161206
紫杉,5.648974238161206
龙王,5.648974238161206
摇滚,5.648974238161206
夜,5.648974238161206
（36）,5.648974238161206
无限,5.648974238161206
循环,5.648974238161206
rtg,5.648974238161206
出发,5.648974238161206
热血,5.648974238161206
街头,5.648974238161206
四百多,5.648974238161206
一打,5.648974238161206
回复,5.648974238161206
一千五百,5.648974238161206
阿瓦隆,5.648974238161206
火热,5.648974238161206
ktv,5.648974238161206
几百,5.648974238161206
几十,5.648974238161206
狼,5.648974238161206
银行爆破,5.648974238161206
钻石,5.648974238161206
带,5.648974238161206
奖金额,5.648974238161206
十几,5.648974238161206
确实,5.648974238161206
重登,5.648974238161206
一元,5.648974238161206
三倍,5.648974238161206
猴子,5.648974238161206
太阳,5.648974238161206
虎将,5.648974238161206
鹰,5.648974238161206
翼,5.648974238161206
高速公路,5.648974238161206
旧账,5.648974238161206
对方,5.648974238161206
了然,5.648974238161206
所,5.648974238161206
无可,5.648974238161206
避免,5.648974238161206
老账,5.648974238161206
支行,5.648974238161206
涉及,5.648974238161206
仍然,5.648974238161206
错金,5.648974238161206
那大,5.648974238161206
防,5.648974238161206
拿到,5.648974238161206
操作手,5.648974238161206
還,5.648974238161206
手,5.648974238161206
機,5.648974238161206
驗,5.648974238161206
證,5.648974238161206
碼,5.648974238161206
旧,5.648974238161206
停用,5.648974238161206
当初,5.648974238161206
寻回,5.648974238161206
你家,5.648974238161206
不快,5.648974238161206
几分钟,5.648974238161206
费劲,5.648974238161206
对外,5.648974238161206
宣传,5.648974238161206
伙伴,5.648974238161206
退出,5.648974238161206
邢,5.648974238161206
黎明,5.648974238161206
微信支付,5.648974238161206
以及,5.648974238161206
名称,5.648974238161206
致,5.648974238161206
错字,5.648974238161206
日期,5.648974238161206
永远,5.648974238161206
办,5.648974238161206
人员,5.648974238161206
多重,5.648974238161206
其中,5.648974238161206
建立,5.648974238161206
永久性,5.648974238161206
控制,5.648974238161206
不住,5.648974238161206
锁上,5.648974238161206
消,5.648974238161206
机能,5.648974238161206
美元,5.648974238161206
面值,5.648974238161206
捕鱼多福,5.648974238161206
赢家,5.648974238161206
子弹,5.648974238161206
们,5.648974238161206
仅,5.648974238161206
复杂,5.648974238161206
算算,5.648974238161206
5%,5.648974238161206
取出,5.648974238161206
完善,5.648974238161206
手续,5.648974238161206
事项,5.648974238161206
进钱,5.648974238161206
钟,5.648974238161206
只要,5.648974238161206
提的钱,5.648974238161206
帐面,5.648974238161206
分行,5.648974238161206
迟,5.648974238161206
浦发银行,5.648974238161206
一回,5.648974238161206
屡次,5.648974238161206
弹回,5.648974238161206
答,5.648974238161206
救命,5.648974238161206
下关,5.648974238161206
取,5.648974238161206
几回,5.648974238161206
若,5.648974238161206
造作,5.648974238161206
耽误,5.648974238161206
到处,5.648974238161206
体现,5.648974238161206
催促,5.648974238161206
上下,5.648974238161206
哈,5.648974238161206
中午,5.648974238161206
忽悠,5.648974238161206
人民币,5.648974238161206
黄酒,5.648974238161206
该地,5.648974238161206
欣,5.648974238161206
一部分,5.648974238161206
背包,5.648974238161206
多天,5.648974238161206
不通,5.648974238161206
批,5.648974238161206
缺货,5.648974238161206
部分,5.648974238161206
玫瑰花,5.648974238161206
3d,5.648974238161206
硬,5.648974238161206
手链,5.648974238161206
工作,5.648974238161206
。8,5.648974238161206
这份,5.648974238161206
他人,5.648974238161206
送别,5.648974238161206
收件人,5.648974238161206
店铺,5.648974238161206
货运,5.648974238161206
熟悉,5.648974238161206
经验,5.648974238161206
编号,5.648974238161206
新鲜,5.648974238161206
xxx,5.648974238161206
正确,5.648974238161206
保,5.648974238161206
承担,5.648974238161206
免,5.648974238161206
来源,5.648974238161206
感觉,5.648974238161206
鞋子,5.648974238161206
笔记本,5.648974238161206
发票,5.648974238161206
保修,5.648974238161206
本月,5.648974238161206
银联卡,5.648974238161206
实体,5.648974238161206
定,5.648974238161206
不准,5.648974238161206
加码,5.648974238161206
菠菜,5.648974238161206
广告,5.648974238161206
懒惰,5.648974238161206
vivo/oppo,5.648974238161206
推,5.648974238161206
附,5.648974238161206
教学,5.648974238161206
精简,5.648974238161206
荧,5.648974238161206
幕,5.648974238161206
玩弄,5.648974238161206
打牌,5.648974238161206
卓有,5.648974238161206
字母,5.648974238161206
~~~,5.648974238161206
详细,5.648974238161206
周期,5.648974238161206
有成,5.648974238161206
打入,5.648974238161206
差不多,5.648974238161206
ttg,5.648974238161206
救援,5.648974238161206
二百元,5.648974238161206
针对,5.648974238161206
援助,5.648974238161206
游,5.648974238161206
其它游戏,5.648974238161206
谘,5.648974238161206
抱歉,5.648974238161206
该系,5.648974238161206
稍后,5.648974238161206
或是,5.648974238161206
。。。。。,5.648974238161206
中心,5.648974238161206
坏,5.648974238161206
烂,5.648974238161206
求,5.648974238161206
每周,5.648974238161206
中级,5.648974238161206
高级,5.648974238161206
提升,5.648974238161206
bbin,5.648974238161206
2%,5.648974238161206
手动,5.648974238161206
100%vip,5.648974238161206
直通车,5.648974238161206
普通,5.648974238161206
会派,5.648974238161206
38%,5.648974238161206
小小的,5.648974238161206
建议,5.648974238161206
^_^,5.648974238161206
分开,5.648974238161206
一小,5.648974238161206
小鱼,5.648974238161206
期,5.648974238161206
游乐场,5.648974238161206
vip。,5.648974238161206
vvvip,5.648974238161206
预支,5.648974238161206
。qq,5.648974238161206
回应,5.648974238161206
后置,5.648974238161206
前置,5.648974238161206
接到,5.648974238161206
100+28,5.648974238161206
笨蛋,5.648974238161206
他妈的,5.648974238161206
不满,5.648974238161206
变态,5.648974238161206
不得,5.648974238161206
患有,5.648974238161206
阴道,5.648974238161206
瘙痒,5.648974238161206
肛裂,5.648974238161206
气死,5.648974238161206
曰,5.648974238161206
贼,5.648974238161206
诅咒,5.648974238161206
冷静,5.648974238161206
孽种,5.648974238161206
贱,5.648974238161206
一群,5.648974238161206
爹妈,5.648974238161206
一对,5.648974238161206
男女,5.648974238161206
玛,5.648974238161206
骚,5.648974238161206
妹,5.648974238161206
效率,5.648974238161206
滚蛋,5.648974238161206
野种,5.648974238161206
混蛋,5.648974238161206
一帮,5.648974238161206
窝囊废,5.648974238161206
狠心,5.648974238161206
产,5.648974238161206
喂,5.648974238161206
不公,5.648974238161206
平,5.648974238161206
蠢,5.648974238161206
草泥马,5.648974238161206
世世代代,5.648974238161206
几千块,5.648974238161206
些,5.648974238161206
爹,5.648974238161206
屁,5.648974238161206
眼,5.648974238161206
群,5.648974238161206
娃娃,5.648974238161206
百分之百,5.648974238161206
活,5.648974238161206
一岁,5.648974238161206
出身,5.648974238161206
家教,5.648974238161206
该死,5.648974238161206
老子,5.648974238161206
评,5.648974238161206
报复,5.648974238161206
一举,5.648974238161206
报,5.648974238161206
报警,5.648974238161206
告,5.648974238161206
目标,5.648974238161206
难解,5.648974238161206
我心,5.648974238161206
头,5.648974238161206
恨,5.648974238161206
转告,5.648974238161206
相关部门,5.648974238161206
天人,5.648974238161206
套利,5.648974238161206
崩溃,5.648974238161206
论坛,5.648974238161206
公布,5.648974238161206
更好,5.648974238161206
申诉,5.648974238161206
上报,5.648974238161206
中央,5.648974238161206
内存,5.648974238161206
识别,5.648974238161206
微,5.648974238161206
常见,5.648974238161206
nihao,5.648974238161206
专用,5.648974238161206
掰,5.648974238161206
其它,5.648974238161206
欢迎,5.648974238161206
算了,5.648974238161206
图,5.648974238161206
例行,5.648974238161206
随机,5.648974238161206
检查,5.648974238161206
身份,5.648974238161206
还给,5.648974238161206
疑惑,5.648974238161206
感激,5.648974238161206
谢,5.648974238161206
帮助,5.648974238161206
嗯,5.648974238161206
对话,5.648974238161206
转接,5.648974238161206
话,5.648974238161206
早晨,5.648974238161206
不断,5.648974238161206
三天两头,5.648974238161206
讲,5.648974238161206
糸,5.648974238161206
sb,5.648974238161206
完毕,5.648974238161206
下去,5.648974238161206
节奏,5.648974238161206
尴尬,5.648974238161206
动不动,5.648974238161206
说好,5.648974238161206
他们,5.648974238161206
发布,5.648974238161206
窗口,5.648974238161206
卸载,5.648974238161206
半开,5.648974238161206
始,5.648974238161206
推荐人,5.648974238161206
屏幕,5.648974238161206
然,5.648974238161206
九点,5.648974238161206
下分,5.648974238161206
欧文,5.648974238161206
斗,5.648974238161206
地主,5.648974238161206
龙虎斗,5.648974238161206
杀,5.648974238161206
加上,5.648974238161206
派对,5.648974238161206
绿色,5.648974238161206
河豚,5.648974238161206
鲨鱼,5.648974238161206
六合彩,5.648974238161206
pk10,5.648974238161206
搞笑,5.648974238161206
屿,5.648974238161206
开放,5.648974238161206
城,5.648974238161206
全都,5.648974238161206
。。,5.648974238161206
固定,5.648974238161206
到达,5.648974238161206
所得,5.648974238161206
。6,5.648974238161206
发射,5.648974238161206
炮弹,5.648974238161206
十一,5.648974238161206
七次,5.648974238161206
第三次,5.648974238161206
一共,5.648974238161206
连续,5.648974238161206
三号,5.648974238161206
像,5.648974238161206
叠加,5.648974238161206
打鱼,5.648974238161206
亏,5.648974238161206
买卖,5.648974238161206
慢慢,5.648974238161206
满足,5.648974238161206
第,5.648974238161206
岛,5.648974238161206
越来越,5.648974238161206
抠门,5.648974238161206
杆,5.648974238161206
别,5.648974238161206
运气,5.648974238161206
从来,5.648974238161206
越,5.648974238161206
蛮,5.648974238161206
大鱼,5.648974238161206
感兴趣,5.648974238161206
二等奖,5.648974238161206
难进,5.648974238161206
改版,5.648974238161206
投放,5.648974238161206
上来,5.648974238161206
不至于,5.648974238161206
能够,5.648974238161206
不敢,5.648974238161206
一来,5.648974238161206
主要,5.648974238161206
斯诺,5.648974238161206
克,5.648974238161206
可不,5.648974238161206
可用,5.648974238161206
